sequence,avg_activation,gravy
MSAVFARFGAYALLVPPFFQSVVTPFGFGEKLKGFPPVLRLALKVRFELVSC,1.5762341255412218,54.282692307692294
FVGFRAVEYKQHSFVHNGNIVFVSQVVSILKKIDFVILGYDRFQADSGVFR,1.5059595536863133,28.411764705882355
LGFSEVEIVKAPLQLPGPAVREAGVKGQCESSAYLLVRWPFRVLEAVVAFGA,1.5258698185609163,49.26730769230768
PVIEYRALVVIVNLNKYVVVVLSMFAKVGASLVAPIAAVVPGSEVVKLQQRV,1.4867994121227386,35.63076923076923
MIEGVVVNEYWSQDGAVASSLPATRRKVVVIATVVVGVAPVIVVVSRAVAVR,1.5050190555768383,50.37884615384615
NADADKAVLGFEDLSLGVPAVVVLAVLNPGTTALFLAAFAKAVLVVLLSAFF,1.5350627042279286,13.834615384615384
KFAQQRAQLVEPCFFVLIKAKVKGLFGRATIVYSSAVVVEAVVVALTNVVFY,1.5147071011644566,14.313653846153846
FLEKFKKLPEAPVSVCRSSFGVCSLLLIAIQAVDSFVLLAGELEELDVDPFS,1.542148701672383,38.33846153846154
TPFVGTELLRGFSVVSFLNKAADLTFPGEAEPCFPKLNGTGVLVVLVEGVQP,1.4896676324600509,25.442307692307697
AFGAIRVAWVEGQRWLSPFALVLVKVGLEFFEKFSGPLSLMELEGFAGLDAV,1.5414230675982585,28.26538461538462
AKLLLPKEFLPVEFVTLVLELFVFVDWQLGKRSPEKYFPGPSLLLDGLFLES,1.5062305061702101,50.75384615384615
TKELCVRQASKKLGKPGFVLGVDRVVEVVNEFTAKVEAKKQPKKLLLGVLVV,1.5769935552731658,7.990384615384617
HPLWALIFTFAQHRVPEESVFQIIQKIAIFSLDAVELATLVLTPLRASEVL,1.5059301749044358,36.59607843137255
FVDWLDVCEANAVLREVVKEPVVHFVPVVAGFFLLALLGVLVEVLLPFLLPV,1.4830060266439926,40.07692307692307
EVVVEGVKVACFRMDKLAVRCLAACVDVIVRPVLVLATVLVLVAVAQEIFF,1.4827559171180975,34.26862745098039
AVLNVRFRQMNVPVLVVAVLLAVGLGPDVVSDANLEVLALLQRVVTSLVGLV,1.5556532092422584,20.840384615384618
LKVVDKLKLAMPDSTAAKDTQAWNFAKLTGVQFQSSTFKFFILRLFLTEGA,1.5074109737745067,19.550980392156866
VLEKALNEVASVVNEELFSNSVMLWSAKDSKVLCEAVSSDELKAVFVLVLVT,1.5032193751383436,23.140384615384622
GKSVELSAAVVVFLGCEELKFSLVARLATSLAVEKLPSFLVHLRRLYVLVVV,1.6371641223696929,33.30576923076923
SLAVIFPSIGLQKKGPYVEVVSFLLIPKKYKVFSRGVILGGVFGVTLFAGFA,1.599616442237352,26.180769230769236
VLAAGDSVAESVLILAAAYTIALTAKSVVPAKIAAGLVDLALAAANLAALSV,1.5127470734042263,22.171153846153853
LAGVACEGPAIRKPSRLFMKLTLSSEREETSILIVVLAYTLVLSLTKPFP,1.5213995344264948,47.81399999999999
EFFFFVVVVFGLFVVLGAVDDVVGVEAVLLALEPLETYLVEAPVSMEVKARV,1.5203168118552206,14.209615384615388
VVTLINIQEEVSIQAVFIEVAKMFNVALNENFVSAIKVLIDFKAFSVAKSIL,1.5584897356164562,34.525
SGRLVVAVPQVNTEVPVADLVRPLVWDSVFPKKIRFDLLLDVKYACAVGPAE,1.5214454547104987,49.98461538461539
KWVEPLKEGARRVTEDQVAELPFELWPAGVAVYDALNALLPYQTRAFAED,1.52126405729326,51.736000000000004
QVPYGDVLRASAEALKFKEKLLRVVVVNAVLLPAFAPASVLGVQEPTLVVLE,1.5638946049774614,33.90384615384616
MRIYLNKGKEVVVSLVNSRVCDKGSVERIFVDEEGRKYVGVLCVPVLSQESA,1.50737894065489,32.603846153846156
SLTKVSLSSNGFGVALRLFRRRKFIQLVLGCDIVGQWVVPPVELDSVSLG,1.4912821067313795,49.877999999999986
SISPLKLLFRLNYWRLIAYMDLNPKVKLTLRVGSLKLVGIELPNHLLGLVTS,1.5555451535296625,23.13653846153847
PVVAVDDPVEVRLSLSAQVYSWLLVSVEIVVLLWLFKFPCLFPVGAVASKLA,1.5805598313690914,28.37307692307692
MLVWPFLLLRVQVYAVLRERGEDVPTPLLALKCSTVSMVATDPALKAKIVS,1.5419857499590333,24.347058823529412
GVALVVTFFVLCTLGEAGVQDLKVFFELVRLLVEDLRLPSFVVGRVDGQEVC,1.5592066924023291,29.801923076923078
ALVGKVLVIIRPVIPARKGKVLEVHVAETVAKVEVVCVKLVIAVRVSLFVA,1.486466170042791,5.207843137254902
VKVWVLLVEISFVKLGPKSMELAEEPFVFRFVGAVLLVVVVDFRAVVVEQGE,1.5137058734842979,15.830769230769235
TKVKKPLSFKSGYAWEYSDLARVPEIQVDLSRLNANASRFPVYLVKRVWTKV,1.6217990591209812,27.169230769230765
FVVPRAAVFAAVILVMPVVFAATDRKEFTVERYARSKAFFANSAIVFGVFY,1.4447391370812497,43.30019607843137
FAAWIVPIMQIFSVLVDDASAAREVVGVVTLVLRVSLPKAFVVVSFPVAITI,1.5617265025021385,19.088461538461544
IVSFVSRVSDCKYLVFFVVLVLVNNKAEDILILNFAQGSLEEVHLEFAIVA,1.5423052589123039,29.66862745098039
RDFVPLSLIVPKALVWVFTFSAASVFELLAFAKVVDVKFWRVLMVFRKAVPK,1.518593950973486,13.500000000000002
TIFTVFVSVINRAGWLCFVAVAVLVGNVKVPAVLPTEAIVLGVSVKVLACLT,1.5857194189481958,32.25192307692308
MSKSRFATIKLLALRLYRVKSKLIDKVRVAAQTKKPEAAASRLFSTQVTIIP,1.547645665533831,14.205769230769233
FFRLLFLEFYFVESGRKYFLGAACEAVVRVGRRVQTVSYTIAVFYAVKVVAL,1.5644763127751744,42.985
RLIVGTVPLSPPFDEDRAVDLDLTVLKPVDPYFVVIKSQGDALKVLRLVYRL,1.603786570129935,21.746153846153852
AVWLVLTICLSLVTDRYKLVLVVAVEVLFDEVRVVSFTIFVDALLEEGDVL,1.4744522471531492,15.578431372549018
AFPAPLVLFWVDNATAGEEYSVGVLQIDDGVSLGLVVNALVGIVERNVAEAV,1.520535170990586,23.326923076923084
RELTSDTLVTERMAMGVLKQAMLQLASFARPRTMFFGCVFKAALLVVDILLF,1.5438812882078075,19.271153846153847
VSKFAVVVLAVPIVRSEVKVPPLSAALVLLAIEKFVFLAFSSRVDAASLIFV,1.5567786086094801,42.221153846153854
GKEFVAVTLLFASVWCIVATFVAVEVLAFQVVRLARENVVVLSVVIVTQADR,1.5036355496990212,-1.9653846153846164
VELVVVLAVFKAIGASGANPMGTRLRGSPVLVSVFLVERKAIRAHDVKVNL,1.5206726300559683,10.42941176470588
TYVLAAVSFKGLCCLGVAIPNFMVVEPLVTGRRRALRPPRLKVVVCRLVRGM,1.525723402339789,32.776923076923076
AKVLLLVEVVLAFNAVFLFVLVVVLTLVASVIKKLAFSLYLIFLSFKLKPVR,1.5389059205985094,1.0076923076923068
VLSPFVFACFVVSFLVAPRPFLLVRLPVLRTVVPAPPLTARWVVARAIEVVA,1.605342833772018,83.8326923076923
MNRELVPVFKSVGEFIVALIFEEEKEAVLGFEERAEIVLDLSLDRNVNLLAE,1.4692198617686991,31.411538461538463
VESSLFYGEAVVFLLEAVLRVVQSFEVVEFCKVDELAINVCAQVRDPLVKK,1.5076266578773891,26.343333333333334
KMSIGNSAGGGRLELTLVAMLNLVNELPLKFFEAAPVVKQGLTFVSVLFQA,1.537116957017632,44.14117647058823
MGAELVVGVLVLSFVQEAADRAIFAAEVSFVEQHFDEVLVLCGFGSSALIK,1.4719935144310483,13.382352941176473
FRLVTLVILELKVLAVVVFELVVDDLWLAPLVVVFSVVLVCVDVASFKRVLK,1.4795022611379232,13.759615384615385
AKFKMCQMVLEIAEAKSVDARKESKIVQGPVPRLEELLFVNIPVKNVVTCVF,1.5558189277669463,33.17884615384616
MAGVDPKTKLTTAELTAVIAVVVLIYVPKFVVSFLYEAAAVILVKFRISAP,1.4534432953312226,16.89803921568627
DKVLEFVVNQVANVGFLFQVSSSLPKVEASEVFVRERVLVVAINEVDVLPF,1.4489741099317,18.421568627450984
AELKVTERAYTSKVLAAEVLGGLLEVASIDLIVPLPVPENEVPRVLSVGVLL,1.4980064735364944,24.867307692307694
FARVPTKTAYRLVPVLFVGVFFVVLGVVNGRSSAVAQKKPLFCLGADETQPF,1.5236654372798364,30.24423076923076
FPTVGKCPSVHKGEAADVHEVLAVPDLLNVVPGRWAEVDVPNTDAITFDSTY,1.5155216089844572,39.205769230769235
KRGLRPVADEIHSVEMFVVLTERFAFVVACSVAVAVLVLFVSVVVALPAVVK,1.5021436352384405,49.00769230769232
RELKESLIACVLFEVVLSCKVVVNVVFAGVDPVEVGGLVAVKAWSVVVTEVK,1.4853110233422837,26.032692307692315
LYTKKVRSSVAALLEDEIAYFVHGLFENARLTVAGAAPASSELPVSIEGGDT,1.5605766199695226,52.63269230769231
VVFVKVKLVVTFNADLFAVEVLELFKAKFYSFVGASFFLVALQSSLVFKFQS,1.5681784147344089,28.638653846153847
VPSLPDAVAPAVGLDRTLALFVPDAELELLLLDFGVLCPVLKLGLMVLTCKV,1.5239773647425943,27.1076923076923
AACRIRGSEKEPPEVPVSPDVVVLLSIVPMNRVEDATLTSGVCGKALVSVVE,1.5576243247865416,48.17884615384615
AVIFPFLLPSDVKSDAVSVCDLDKKVVGDVFQVVLMKWGERPRSPEAGLLED,1.5552881308494437,44.180769230769236
LLMPKIFCCNFVVGEVFLRFFSEFSVNKVRKFKLSASRKTFVKLDVWPFLF,1.5708188505744003,24.327450980392165
LLVELLGLDWKRSLERVQSKDIRAALGVVLRAPKNYLELVVMPVYFNGCFI,1.5305892442517646,48.9470588235294
MVLPVMLKSAWLEGVLLVNEGFGAVFVRNLLAQKKKLNVFGVKANMAWFSV,1.5024037718791208,19.05686274509804
NMTRAEALDFGVAVDREELIRKVRWVNAACVDVEHPLVNLLIEQFVVSVVLL,1.4891222607108603,30.292307692307695
NVASLAAQCLLFLSSAVGWLGREFVAPSVYLEYIARTFRLESVVRVVVLVTV,1.5869393972266315,29.28076923076923
VDLQFFALVPVRAAEDCALKPVFKIFEKLPEVSEAVASSEVIELVNLAFDLV,1.508157368824134,46.29423076923077
PDVTGAERVKMAYLLSFPASIEAIDIGECRLLVLFVGVEVLAVELLVFED,1.4990249391901367,37.535999999999994
VSYFAVPTFVEEELFSFDVYVQSPMKPVSPAALDCVFAAITDLFGPKPLKML,1.543052126088553,60.940384615384616
VVVAFFFPAFALDSFKLVFVEVVARFKRLYPTSDLYMVCAAVQVVVPNAETV,1.5194711320109306,32.85192307692308
MLVLMGPFGSLVAVLKKLELALVQSILKWVPLITGVDFAEFSAGNLEVVAEF,1.5433617068790277,15.232692307692313
VVKFLTVLKFVLELIFGAFSLKRVFLRTLRLLVVKLKFWRFQCELEPELVSF,1.509862445011113,19.80961538461539
RLLMCVVFQLVVKENAGADAFVFEVVELSYLDVADPIYVTQELVVFVRSVVK,1.507966239218066,11.423076923076923
LVLNAQEVIYERVELGVTASGVLLKVVPHPAVLVVVLDVVVARAVQVESLD,1.4604564632766592,16.394117647058827
VVRPATKVVARASLAKSLKVCYAEVVVVFPRTIYVYLEVRIEDEINTAQVVV,1.481743425501364,30.449999999999996
LLVKRDVLSLLSGTVLFIIVGSGLKFTPEPQPPTAVVSSSQSGEKTVIHFAD,1.5712814156337154,44.0076923076923
VPQAREAVVDADSRGFENGAWTLDLNKFLSTAKKIFLVEAGVGERSRQVSV,1.5104100879359763,25.6
LSVFDPFIAEAFKFGVAWRPRIPVLKESFVIWARVVAVIRLDVFLIEVEDPP,1.5025150752815462,33.43653846153846
CIRLEAVLVVRLLEKFCEMKTQTKDVLKLLIIWPSFLRPFVFRVETIRLIS,1.47240365147567,20.10196078431373
EVAVVKVKVFVITSLLYVPVAVAFDKRGKVENVMLEFAPENFEPPTFLKGVA,1.543050055163097,25.625
FAKIVVAVEFPVIIVSFNKIVLIQLQFLVPPLNRVQMSSEVGSPRSLGQTN,1.5415729873046649,53.45294117647059
EDDAVGALIAIVDVQLARLSFVLLVVLALALPAVFRPLCAALVDLAVGEPFK,1.4732715858941898,15.378846153846156
GVLVIPKLQVVLEAAAEEITLAESVVKAAGSDADYERFVGDEMVFIVVNGIV,1.5141943200972394,13.059615384615393
VYGAATIRLKDVPVVVRLSVVLILSASLVEKLGKVVVVGEVLVFAGAVVVE,1.4529499275241105,4.858823529411762
VALEGTSSGLFPAFVWVPKVVVPVVMVVVKTPVAIEKPVLLESSKLRLVTYW,1.5420868511794508,46.838461538461544
MPERYYALVVVLGVAVAFLSTAAYKHDEYVEAEVSPQSSTQALSELFLPAT,1.4749639237318473,62.0470588235294
QWCDFLQARAKNAVTRAEAGLLKLLVVLRVVVDTLKRADTLLFVPSVMVLFV,1.5284274415098849,18.876923076923077
AYGSHQHIADLLTVILKARLPLVVNALTGALCPMPASWSPASAVRHIRLGL,1.5108462509670801,57.1235294117647
AVRRAATSNGVEELYVVIAVPREDEVVLVPTLAFLPVAILENKYMEQKTWLA,1.5343846071955896,61.16538461538461
VAVPSLPALLVAVGFQDAIGAVEVEAVKIKRDAHSVISLIEFAVFDSLCQVV,1.4995955579135885,37.505769230769246
