step,sequence,activation,gravy,label
0,FGRWFDIAQFPQFEKDDAEDYGFAHATDFASREYAIGWLKFNTWNLAGAGPRSLAAAYGWFCSWLCRFFPMKLFFSAMGSCLATKVQVKWKVHLYRAHMSNLGDGIGIGSWNNRVNKPYSYQVHHCDWHQGGHWAQMDPRPGHCFLDVECRQFGVNAEFAYKSQMYQMSMIRYRYFWKSSPKNIVNTVWKPLGANDSCTQ,0.0,23290.2076,high molecular
1,FHRWWDIAQFPQFEADDAENYGFAHATDFASREYHIGWLKFNTWNLAGAGHRSLAAAYGWFCSHLCRFFPHKLFFSHMGSCLATKVQVKWKVHLYRAHMHNLGDGIGWGSWNWRWNKPYSYQVHHCDWHQGGHWAQHDPRPGHCFLDVHCRQFGVNAQFAYKSQHYQMSMIRYRYFWNSSPKNIVNTHWKPLGANHSCTQ,8.21453168447446,23827.490200000007,high molecular
2,FHRDWDIADHPQFEADDAENYGHAHATNFASREYHIGWLKFNTWNLAHAGHDSLAAAYGWHCSHLCRFFPHKLHFSHMESCLATKVQVKWKVHNYDAHMHHLGDGIGWGSWNWRWNKPYSYQVWHCDWHQGGHWAHHDPRPNHCFLDVHCRQFGVNAQFAYKSQHYQMSMIRYRYDWNSSPKNWSNTHWKPLGANHSCTG,8.263351276620421,23869.105200000013,high molecular
3,FHHDWDIADHPQFEADKAENYGHEHATNFPSHEYHIGWLKFNTWNLAHAGHDSLAAAYGWHCSHLCWFFPHKLHFSHMESCHATKVQVKWKVHNYDAHMFHHGDFIGWGSWNWRWNKPYSYQVWHCDWFQGGHWAHHDPRPNHCFLDVHCRQFGVNAQFAYKSHHYQMSMIRYHYDWNSSPKNDSNTHWKPLGHNHWHTG,8.316797831899237,24234.381400000017,high molecular
4,FHHDWDIHDHWQHEADKAENYGHEHATNFPSHEYHIHWLKFNTWNLHHAGHDSLAAAYGWFCSHLCWFFPHKLHSSHMESCHATKVQVKWKVHNNDAHMFHHGDFIGWWSHNWRWNKPYWYQHWHCDWFQGGHHNHHDPDPNHCFLDVHCRQFGVNAQFHYKSHHYQMEMIRYHYDHNSSNKNDSNTHWKPLGHNHWHTG,8.336699086758053,24672.619400000025,high molecular
5,FHHDWDFHDHWQWEADEAENYGHEHATNFPSHEYHWHWLKFHTWNLHHAGHDHLHAAYGWFGSHLCWFHPHKLHSSHMESCHATKGQVKWKVHNNDAHMWHHGDFHGWWSHNWCWHKPYWYQHWHCDWFQGGHHNHHDPDPNHCFLDVHCRQFGVNAQFHYKSHHYQMEMIRYHYDHNSSNKNWSNTHWKWLGWNHWHTG,8.326647108779497,25112.954000000034,high molecular
6,FHHDWDFHDHWQWWADEAENYGHHHATAFPSHEHHWHWHKFHTWNLHHAGHDHLNHAYGWFGSHLCWFHPHWLHSSHWESCHHTKGQVKWKVHNNDAHMWHHGDFHGWWSHNWCWHKGYWYQHWHCDWFQGWHHNHHWPDPNHCFFDVHCRQFGVNAQFHYKSHHYQMEMWRWHYDWNSSNKNWSNTWWKWLWWNHWHTG,8.428340616003776,25872.758100000035,high molecular
7,FHHDWDFHDWWQWWADEAEEYHHHHATAFPSHEHHWHAWKFHTWHLHHAGHDHLHHAYGWFGSHLCWFHPHWLGSSHWESCHHTKFQVKWKVHNNDAHMWHHGDFHGWWSHNWCWHKGYWYQHWHCDWHQGWHDNHHWPDPNHCFFDVHWRQFGVNAQFHYKSHHYQHEMTRHHYDWNWSNKNWSNTDWKWLWWNHDHTG,8.466775107258288,25886.60950000004,high molecular
8,FHHDWDFHDWWQWWADEAEEYHHHHATAFPSHEHHWHAWKFHTWHLHHAGHDHLHHAYYQFGSHHCWFHWHWWGSSHWESGHHTKFWVKWKVHNNDANMWHHGDHHGWWSHNWCWHKGYWYQHWHCDFHQHWHDSHHWPHPNHCFFDVHWRQEGVNAQHHYKSHHYQHEMTNHWYDWNWSNKNWSNTDWKWLWWNWDHTG,8.494911928100402,26163.739600000048,high molecular
9,FHHDWDFHDWWQWDADEAEEYHHHHATAFESHEHSWHAEKFHTWHLHHAGHFHLHHAYYFGSWQWWFHNHWWGSSHWEGGHHTKHWVKWKVHNNDANHWHHGDHHGWWHHNWCWHKGYWYQHWHCDFHQHWHDSHHWPHPNHCFFDVHWRQEGVWAQHHYKSHHYQHEMTNHWYDWNWWNKNWSNTDWKWLDWNWDHTG,8.534669814865337,26088.497600000042,high molecular
10,FHHDWDFHDWWQWDADETEEYAHHHATAFESHEHSWHAEKFHTWHLHHHGHHHLHHAYYFGSWQWHFHNHWWGHWHWEGGHHTKHWVKWKVHNNDANHWHHGDHHWWWHHNWCWNKGYWFQHWHCDFHQHWHDSHHWPHPNHCFFDWAWHQEGVWAQHHYKSHHYQHEMTNHWYDWNWWNKNWSNTDWKWLDWNWDHTG,8.561365067373615,26300.706700000042,high molecular
11,FHWDWTFHDWWWWDADETEEYAHHHATAFESHWHSWHHEKFHTWSLHHHHHHHWHQPYYFGSWQWHFHNHWWGHWHWEGGHGTKHWVKWKVHNNDANHWHHGDHHWSWHHNWCWNHGYWFQHWHCDFHQHWHDSHHWPHPGHCFFDWAWHDEGVGAQHHYKSHHHQHEMTNHWYDWNWWNKNWSNTDWKWLDWNHDHTG,8.571327526017608,26192.52750000004,high molecular
12,FHWDWHFHAWWWWDADETEEYAHHHATAFESHWHSWHHEKFHTWNLHGHHHHHWHQPYYFGSWQWHFHNHWWGHWHWEGDHGTKHWVKWSVHNNDANHWHHGDHHWSWHHTWSWNHGYWFQHWHCDFHQHWHDHHHWPHPGHCFFDQAFHDEGVGAQHHYKHHWHQHEMTNHWYDWNWWNKNWCNWDWKWEDWNHDHTG,8.558324494071865,26288.57330000004,high molecular
13,FHWDWHFHAWWHWDADETWEYAHHHATWFESHWHWWHHEKFHTWNLHWHHHHHWHQPYYFGSWQWHFHNHWWGHWGWEGDHGTKHDVKWSVHNNDANHWHHGDHHHSWHHHWSWSHGYWFQHWHCDFHQHWHDHHHWPHPGHCFFHQAFYDEGVGAQHHYKHHWHQHEMTNHHYDWNWWDKNWCNWDWKHEDWQHDHTG,8.544935003104438,26413.706800000036,high molecular
14,FHWHWHFHAWWHWDADETWEYAHHHATWFESHWHWWHHEKFHTWNLHWHNHHHWHQPYYHHSHQWHFHNHWWGHWGWHGDHGTKHDVKWSVHNNDANHCCHGDHHHSWHHHWSWSHGYWFQHWHCDFHQHWHDHHHWPHPGWCFFHQAFYDEWVGAQHHYKHHWHQHEHTNHHYDWNWWDKNWCNWDCKHEDWQHDHDG,8.502180175136155,26439.75580000004,high molecular
15,FHWHWHFHAWWHWDADETWEYAHHHATWFESHWHWWHHEKFHTWNLHWHNHHHWHQPYYHHWHQWHFHNHWWGHWGWHGDHGTKHDDKWSVHNNDGNHCCHHDHHHSWHHHWSWSHGHWFHHWHCDFWQHWHDHHHWPHPGWCFFHQAHYHEWVGAQHHYKHHWHQHEHTNHHYDWNWNDKWWCNWDWKHEWWQHDHDA,8.497463206972801,26833.18650000005,high molecular
16,FHWHWHFHAWWHWDADETWEYNHFHATWFHSHWDWWHHEKFHTWNEHWSNHHHWHQPYYHHWHQWHFHNHWWGHWGWHWDHGTKHDDYWSDHNNDGNHCCWHDHHHSWHHHWSHSHGHWFHHWHCDFWQHWHDAHHWPHPGWAFFHQAHYHEWVGAQHHYKNHWHWHEHTNHHYDWNWNDKWWCNWDWTHEWDQWDHDA,8.492370380768891,26906.02670000005,high molecular
17,WHWHWHFHAWHHWDADETWEYNHFHATWSHSHWDWWHHEKFHTWNEHWSNHHHWHQPYYHHWHQWHFHNHWWGHWGWQWDHGTKHDDHWSHHNNDGNHCHWHDHHESWHHHWSHSHGHWFHHWDCDFWQHWHDHHHWPHPGWAFHHQAHYHDWVGAQHHYKNWWHWFEHTNHHYDWNWNDKWWCNWDWTHEWDQWDHDA,8.47918451331185,26927.92820000005,high molecular
18,WHWHWHFHAWHHWDADETWEYNHFHATHSHSHWDWWHHEKFHTWNEHWHNAHHWHHPYYHHWHQWHFHNHWWGHWGWQHDWGTKHDDHWSHHNNDGNHCHWHDHHESWHHHWSHSHGHWFHHWDCDFWQHWHDHHHWPHPGWAFHHQHHYHDWVGWQHHYKNNWHWFEHHNWHYGWFWNDKWWCNWDWTHETDQWDHDA,8.503651323780103,26955.989500000047,high molecular
19,WHWWWHFHAWHHWDADETWEYNHFHATYSHSHWDWWHHEKFHTWNHHWHNDHYWHHPYYHHWHQWHFHNHWWGHWGWQHDWGTHHDDHWSHHNNDGNHCHWHDHHESWHHWWSHSHGHWFHHWFCSFWQHWHDHHHWPDPSWANHHQHHYHDWVGWQHHYKNNWHWFEHHNHHYGWFWNDKWWCNWDWTHETDQWDHDA,8.466149927328711,27097.10890000005,high molecular
20,WHWWWHNHAWHHWADETWEYNHHHATYSHSHWDWWHHEKFETWNHHWHNDHYWHHPYYKHWHQHHFHNHWWGHWGWQHDWGTHHDDHWSHHNNDGNHCHWHDHHESWHHWWSHSHGHWFWHHFCSFWQHWHDHDHWPDPSWANDWQHHFHDWVGWQHHYKNWWHWFEHHNHHYGWFWNDKWWCNWWWTHEWDWWDHDA,8.4597307778257,27148.236800000046,high molecular
21,HHWWWHNHAWHHWADETWEYNHTHATYSHSHWDWWHHEKHETWNHHWHNDDYWGHEYYKHWNQHHFHNHHWGHWGWQHDWGTHHDDHWSHHNNDGNHCHWHDHHESWHHWWSHSHHHWFWHHFCSFWQHWHDHDHWSDPWWANDWQHHFHDWVGWQHHYKNWWHWFEHHNHHYGWFHNDKHWCNWWHTHEWDHWDHDA,8.544451627437788,26883.748200000053,high molecular
22,HHWWWHNHAWHHWADDTWEYHHFHATYSHSHWDWWHHEHHETWNHHWHNDDYWGHEYYKHWNQHHFHNHHWGHWHWWHRWGTSHDDWWSHHNNDGFHCHWHDHHESWHHWWSHSHHHWFWWHFCSFWQHWHDHDHWSDPWWANDWQHHFHDWVGWQHHYGNWWHWFEHHNHHYGWFHNDKHWCNFWHTHEWHHWWHDA,8.496694309582232,27191.229900000053,high molecular
23,HHWWWHNYAWHHWADDAWEYHHFHATYSHSHWDFWHHEHHETWNHHWHNDYYWGHEYYKHWNQHSFHNHHWGHWHWWHRWGTSHDDWHSHHWNDGFHCHWHDHHESWHWWWSHSHHHDFWWHFCSFWQHWHDHDHWSDPWTANDWQHHFHDWVGWQHHNGNWWHWHEHHWHHYGCFHNDKHWCNFWHTHEWHHHWHDA,8.501991540463372,26942.968900000054,high molecular
24,HHWWWHNYAWHHWADDAWEYHHFHATYSHSHWDFWHHEHHWTWNHHWHNDYYWGHEYYKHWHQHSFHNHHWGHWHWWHRWGTSHDDWHNHHWNLGFHCHWHWEHESWHWWWSHSHHHWFWWHFCSFRQHWHDHDHTSFPWTANDWQHHSHDWVHWQHHNGNWWHWHEHHWEHYGCFHNDKHWCNFWCTHEWHHHWGCA,8.480924634031107,26985.31020000006,high molecular
25,HHWWWHNSAWHHWADDAWEYHHFHHTYSHSHWDFWHHEHHWTWNHHWHNDYYWGHNYYKHWHQHSFHNHHHGHWHWWHRWGTSWDDWHNHHWNLGFHCHWHWEHESWHWWWSHSWWQWFWHWFCSWRQHWHDHDHTSFPWTANDWQHHSHDWHHWQHHNGNWWHWHEHGWEHYGCFHNDKHGCNFWCTHEWHHHWGCA,8.449614277590575,26917.193200000052,high molecular
26,HHWWWHNSAWHHWNDDAWEYHHFHHTYSHSHWDFWHHEHHWNWNHHWHNAYYWGHHYYKHWHQHSFHNHHHGHWHWMHRWGTSWDHWHHHHWNHGFHCHWHWEHESWHWWWSHSWWQWFWHWFCSWRQHWHDHDHWSFFWTNDWQHHSCDWHHWQHHLGNWWHWHEHWWEHYGCFHNDGHGCNFWCTHEWHHHWGCA,8.44122152616961,27053.483100000056,high molecular
27,HHWWWHNSAWHHWNDDAWEYHHFHHTYSGSHWDFWHHHHHWNWNWHHHNAYYWWHHWYKHWHQHSFHNHHHGHWHWMHRWGTSWDHWHHHHWNHGFHCHWHWEHEHWHWWWSHSWWQWFWHWWCHWRQHWHDHDHWYFFWTRDWQHHSCDWHHWQHHLGNWWFWHEHWWEHYGCFHNDGHGCNFWCHHEWHHHWGSA,8.476663197744168,27420.95910000006,high molecular
28,HHWWWHNSAWWHWNDDAWEYHHFHHTYSGWHWDFWHHHHHWNWNWHHHNANYWWHHSYKHWHQHSFHNHHHGHWHWMHRWGTSWDHWHHHHSGFHFHCHWHWEHEHWHWWWSHSWWQWFWDWWCHWRQHWSDHDHWYFFWTRWWQGHSCSWHHWQHHLGNWWFWHEHWWEHYGCDHNDGHGCNFWCHHEWHHHWGSA,8.485672413355221,27213.72180000005,high molecular
29,HHWWWHNSAWWWWNDDAWEYHHFHHTYSCWHWDFWHHHHHWNWNWHCHNANYWHHHSYWHWHQHSFHNHHHGHWHWMHFWGTSWDHWHHHHHGFHFHCHWHWHHEHWDWWWSHSWWQWFWDWWCWWRHHWSDHDHWYFFWTRWSQGHSCSWSHWSHGLGNWWFWHEHWWEHYGCDHNDGHGYNFWCHHEWHHHWGSN,8.44795886724407,27201.679300000047,high molecular
30,HHWHWDNSAWWWWNDDAWEYHHFHHTYSCWHWDHWHHHHHWNWNWHCHNANYWHHHSYWGWHQHSFHNHHWGHWHWMHHHGTSADHWHHHHHGFHFDCHWHWTHEHWDWWWSHSWWQWFWDWWCWWRHHWSDHDHWYGFWTRWSQGHSCSDSHWSHGLGNWWFWHDHWWEHYGCDHNDEWGYNFWCHHEHHHWWGSN,8.395419302854004,26803.04220000004,high molecular
31,HHWHWDNSQWWWWNDNAWEYHDFHHTYSCWHWDHWHHHHFWFWNWHCHNANYWHHHSYWGWHHHSFHNHHWGHFEDMHHHCTSWDDWHHHHHGFHFDCHWHWTHDHWDWWWSHSWWQWFWDWWCWWRHHWSDHSHWYGFGTRWSQGHWCSDSHWSHGLGNWWFWHDHWWEHYGCDWNDEWGYNFWCHHEHHHWWESN,8.409918575416668,26959.23100000004,high molecular
32,HDWHWDNSQWWWWNDNAWEYHDFHHTYSCGHWDHQHHHHFWFWNWHCHNANYWHHHSYWGWHHHSFHNHHWGHFEDMHHHCESWDDWHHHHHGWDWDCHHHWTHDHWDFWWSHHWWMWFHDWWCWWSHHWSDHSHWYGFGTRWSQGHWCSDSHWSHGNGNWWFWHDHWWEHYGCDWNDEWGYNFHHHHEHHHWWESN,8.453653116990997,26666.684100000042,high molecular
33,HWYHWDNSQWWWWNDNAWEYHDFHHTYSCGHWDHQHHHHSHFWNWHCHNWNYWHHHSYWGWHHHSFHNHHWGHFEDMHHHCESWDDWHHGHHGWDWACHFFWTHDHWDFWWSHHWWMWFHDWWQWWSNHWSDHSHWYGFHTRWSQGHWCSDSHWSHGNGNWWHWHDHWWEHYGCDWNDEWGYNFHHHHEHHHWWNSN,8.43456042477406,26673.698000000048,high molecular
34,HWYHWDNSQWWWWNDNAHEYHDFHHTYSCWHWDHQHHHHSHFWNWHCHNWNTWAHHSYWGWHHHSFHNHHWGHFEDMHHHSESWDDWHHHHHGWDWACHFFWTHFHWDFWWSHHWWMWFWDWWQWWSNHWSDWSHWYGFHTRWSQGHWCSDSHWSGDHGNWWHWHDHWWEHYGDDWNDEWGYNFHHHHEHHHWYNHD,8.450047264112097,26860.844700000038,high molecular
35,HWYHWDNSQWWWWHDWDHEYHFWHHTYSCWHWDHQWHHHSHFNNWHCHNWGTWAHHSYWGWHHHSFHNHHWGHNEDMHHHSESWDDWHHHHHGWDWACHFFWTHFHWDFWWSHHDWMWFWDWWQWWSNHWSDWNHWYGFHTRHFQGHDCSDSHWSGDHGNWWHWHDHWHEHYGDDWNDHWGYNFHHHHEHHHWYNHD,8.432531969180829,26812.72240000004,high molecular
36,HWYHWDNSQWWWWHDWDHEYAFWHHTYSCWHYWHQWHHHSHFNNWHCHNWGTWAHHSYWGWHHHSFHNHHWGHNEDMHHHGESWHDWHHHHHGHDWACHFFWTHFHWDFWWSHWDWMWFWDGWHWWSNHWSDWNWWYGFFTRHFQGHDCDDSHWSGDHGRWHHWHDHWTEHYGDDDNDHWGYNNHHHHEHHHWYHHD,8.441805776314588,26629.559500000036,high molecular
37,HWYHWDNSQWWWWHDWDHEYAFWHHTFSCWHYWHQWHHHSHFNNWHHHSWGTWAHHDYWHWHHHSFHNHHWGHNEDMHHHGDSWHDHSHHHHFHDWACHFFWGHFHWDFWWSHWDWMWFWHHHHWHSNHWSGWNWWYGFFTRHFQGWDCDDSHWSGDHGAWHHWHDHHTEHYGDDDNDHWGYNNHHHHEHHHWYHHD,8.435257476944287,26522.394800000035,high molecular
38,HWHEWDNSQWWWWHDWDHEYAFWHHHFSCWHYWNQWHHHSHFNNWHHHSWWTWAHHDYWHAHHHWFHNHHWGHNEDMHHHGDSWHDHSHHHHFQDWACHFFWGHFHWDFWWSHWDWMWFWHHHHWHSDHWSGWNWWYGFFTRHFQCWDCDDSHWSGNHGAWHFWHDHHTEHYGDDDNDHWGYNNHSHHEHHHWYHHI,8.454929255072951,26609.61770000004,high molecular
39,HWHEWDNSQWWWWHDWDHEYAFWQHHFSCWHYWGQWHHHSGFENWHHHSWWTWAHHDYWHAHHGWFHNHHWGHNEDMHHHGDSWHDHSHHHHFQDWACHFFWGHFHWDFWWSHWHWCWFWHHHHWHSDHWSGWNWWYGFFTRHFQYWHCDDSHWSGNCGWWHFWHDHNTEHYGDDDNDHWGYNSHSHHEHHHWYHHI,8.47928850906862,26505.546300000045,high molecular
40,HWHEDDNSQWWWEHDWDHEYAFWQHHFSCWHWWGQWHPHSGFENWHHHSWWTWAHHQYWHAESGWFHHHHFGHNEDFHHHGDSWHDHSHHHHFQDWACHFFNGHFHWDFWWSHWHWCWFWHHHHWHSDHWFGWCWWYGFFTRHFWYWHCDDSHWSGNWGWWHFWHDHNTEHYGDDDNHHWGYESHSHHEHHHWYHHI,8.468171645368095,26470.513900000045,high molecular
41,HWHNDDNSQWWWEHDWHHEYAQWQHHFSCWHWWGTWHHHSGFENWHHHSWWTWAHHQYWHAESFWFSHHHFGHYNDFHHHGDSWSDHSHHHHFWDWACHFFNGHFHWDFWWSHWHWCWFWHHHHWHSDHWFGWCQHHGFFTRHFWYWHCDDSHWSGNWWWWHDWHDHNTEHYGDDDWHHWGYESHSHHEHHHWYHHI,8.507235301574717,26589.641300000047,high molecular
42,HWHNDDNSQWWWEHDWHHEYAQWHHHFSCWHWWGTHHHHSGFENWHHHSWWTWFHHQYWHAESFWFSHHHNGHYNDFHHHGDSWSDHSHHHHFWDWAQHFFNGHFHWDFWDDHWHWCWFWHHHHWHSDHWFGSCQHHGFFTRHFWYWHCDDSHWSGWWWWWHDFHDWNTEHWGDDWWHHWQYESHSHHEDHHWYHHI,8.492375994813383,26700.67380000004,high molecular
43,EWHNDDNSQWWWEHDWHHEYAQWHWHFSAWHWWGTHHHHSYHEGWHHHSWWTWFHHQYWHAESFWFSHHHNGHYNNFHHHGDSWSDHSHHHHFWDWAQHFFNGHFHWDFWHDHWHWCWFWHHHHWHSDHWFGSCQHHGFFNRHFWYWHCDDSHWSGWWFWWHDFHDWNTEHWGHDWWHHWQYENHSHWEHHHDYHHH,8.503879314005193,26816.778800000047,high molecular
44,EWHNDDDSQWWWHHDWHHEMAQWHWYFSWWHWWGTHHHHSNHEGWHHHSWWTWFHHQYHHAESFWFSWHHHGHYNNFHHWGDSWSDHFHHHHFWDWAQHFFNGHFHWDFWHDHWHWCWFWHHHHWHSDHWFGSCQHHGFFNRHFWYWHCSDSHWSGWWFWWHDFHDWNTEHWGHDWWHHWQYEDHSHWEHHHDYHHH,8.503920671867684,26991.085500000045,high molecular
45,EWHQDDDWQWWWHHDWHHEMANWHWYFHWWHWWGTHHHHSNHPGWHHHSWWTWFHDQYHHAHQFWFSYWHHGHYHNFHHWGDSWSDHFHHHHFWDWHQHFFNGHFHWDFWHDHWHWCWFWHHHHWHSDHWFGSCQHHGFFNRHFWYWHCSDSHWYGFWFWWHDFHDWNTEHWGHDWWHHWQYEDHSHWEHFHHYLHH,8.522954175409817,27295.603100000048,high molecular
46,EQHQDDDWQSWWHHDWHHEMANWHHHFHWWHHWGFHHHHHNHPGWHHHSHWTWFHDQHHHAHQFWFSYHHHGHYHNFHHWSDSWSDHFHHHCWWDWHQHFFNGHFHWDFWHDHHHWCWFWHHHHWHSDHWFGSCQHHGFHNRHFWYWHCSGSHWYGFWFWWHDFHDWNTEHWGHDWWHHWDYEDHSHWEHFHHYLHH,8.495599307662962,26891.054200000046,high molecular
47,EQHQDHDWQSWWHHEWSHEMANWHHHFHWWHHWGFHHHHHNHPGWHHHSHWTWFWDQHHCAHQFWNSYHHHGHYHNFHHWSDSWSDHFDHHCWWDWHQHFHNGHFNWHFWHDHHHWCWFWHHHHHHSDHWFGSCNHHGFHNRHFHYWHCSGSHWYGFWFWWHDFDDWNTEHWGHDWWHHWDYEDWSHWEHFHHYLHH,8.475375497421993,26740.85340000005,high molecular
48,EQHQDHDWQSWWHHEWSHEMANWHHHFHWWFHWTFHHHHHNHPGWHHHSHWTWFWDQHHCAHQFWGSYHHHGHYHNSHHDSDHWSDHFDHHCWWDWHQHAHNWHFNWHHWSDHHHWCWFWHHHHHWSDHWFGSCNHHGFHNRHFHSWHWSGSHWYGFWFWWHDFDDWHTEHWGHNWWHHWDYEDWSHWEEFHHYFHH,8.467223484489878,26753.78290000005,high molecular
49,EQHQHWWQSWWHHEWSHEMANWHHHFHWEFHWTFYHHHHNTPGWHHHSHWTWFWDQAHQAHQFHGSYHSHGHYHNSHHDSNHWSDHFDHHCNWDWHQHAHNWHHNWHHWSDHHHWCWFAHHHHHWSDHWFGSCNHHGFHNRHFHSWWWSGSHWYGFWFWWHDFDDWHTDHWGHNWWHHWDYEDWSHWAEFHHYFFH,8.443406824372635,26291.29670000004,high molecular
50,EQHQHWWQSWWHHEWSHEMANWHHHFHWEFHWTFYHHHHNTPGWHSHSHWFWFWDHAHQAHQFHGSYHSHGHEHNSHHDSNHWSDHFDHHCNWDWHQHAHNWHHNWHHWSDNHHWCWFDHHHHHWHDHWHGSCNHHFFHNRHFHSWWWSGSHWYGFWFWWHDFEDWHTHHWGHNWWFHWDYEDWSHWAEFHHWFR,8.44267059925008,26354.400600000045,high molecular
51,EQHQHWWQDWWWHEWSHEMANWHHHFHWEHHWTFYHHHHNTPWWHSHSHWWWFWDHAHQFHQFHGSYHSHGHEHNSHHDSHHWSDHFDNHCNWDWNQHAFNWHHNWHHWSDNHHWCWFDHHHHHHHDHWHGSCNWHFFHNRHQHSWWWSDSHWHGFWWWWHDFEDWHTHHWGHNWWFHWDYEDWSHWAEFHHWFR,8.45080210565409,26704.72890000005,high molecular
52,EQHQHWWQDWWWHEWSHEMQWWHHDFHWEHHWTFYHHHHNTPHWHSHSHWWHFWDHAHQFHQFHGSYHSHGHEHNSHHDSHHWAGHFDNHFHWDWGQHAFNWHHWWHHWSHNHHWCWHDHEHNHHHDHWHGSCNWHAFHNRHQHSWWWSDSHWHGFFWWWHDFEDWHTHHWGHNWWFHWDYEDWSHWAEFHHWFR,8.464318224603867,26587.605900000053,high molecular
53,EQHQHWWQDWWWHEWSHEMQWWHHDFHEEHHGTFYHQHHNTPHNHSSSHWWHFWDHAHQFHQFHGHYHSHGHEHNSHHDSHHWAGHFDNHFHWDSGQHAFNWHHWWHHWSHNHHWCWHDHEHNHHHWHWHGSCNWHAFHNRHSWSWWWSDSHWHGFFWWWHDHEHWHTHHHGHNWWFHWHYEDWFHWAEFHHWFR,8.48248705667184,26345.33780000006,high molecular
54,CQHQHWWQDWWWHEWSHEMQWWHWDFHEEHHGTFYHQHHNTPHNHSSSHWFHFWDHAHQFHQFHGHYHSHHHHHNSHHDSHHWAGHFDNHFHWDSGQHAFNWWHWWHHWSHYHHWFWHDHHHNHHHWHWHGSCNWHAFHNRHSWSAWWNDSHWHGFFWWWHDHEHWHTHHHGHNWWFHWHYEDWFHHAEFWHWFR,8.469664725742094,26479.605200000056,high molecular
55,CQHQHWWQDWNWHEWSHEMHWWHWDFHHEHHGTFYHQHHNTPHHHSSSHWFHFWDHAHQFHQFHGHYHNHHHHHNSHWDSHHWAHHFDNHFHWDSGQHHFNHWNHWHHHSHYHHWFWHDHHHNHHHWAWHGSCNWHAFHNRHSWWAWWNDSHWHGFFWWWHDHEHWHTHHHGFNWWFEWHYEDWFHHDEFWWWFR,8.496813699310556,26627.72730000005,high molecular
56,CQHQSWWQDWNWHEWSHEMHWHHWDFHHEEHGTFYHQHHNTPHHHSSSHWFHFWDHAHQFHQFYGHYHNHHHHHNSHWDSHHWAHHFHSHFHWDSGQHHFNHWNHSHAHSHYHHWFWHDHTHNHHHWARHGSCNWHAFHNRHSWWAWWNDSHWHGFFWWWHDHEHWHTHHHGFNWWFDWHYEDFWHDEWWWFR,8.490778584904737,26012.036600000043,high molecular
57,CCHQSWWQDWNWHEASWEMHGHHWDFHHNEHGTFYHFHHNTPHHHSSSHWFHFWDHAHQFHQFYGHYHNNHHHHNSHWDSHHWAHHFHSHFHWDSSQHHFNHWNHSHAHACYHHWFWHDHTHNHHHWARHGSCNWHAFHNWHGWWHWWNDSHWHGFFWWWHDHHHWHKHHHGDNWWFDWHYEGFWHDEWWWFR,8.477360302790043,25763.88780000004,high molecular
58,CCHQSWWQDWNWHEASWEMHDHHWDFHHNEHGTFYHHHHNTHSHHSSYHWFHHWDHAHQFHQFYGHYHNNHHHHNSHDDSHHWAHHFHSHCHWDSSQHHFNHWNHSHAHACYHHWHWHDHTHNHHHHARHGSCNWHAFHNWHGWWHNWDDSHWHGFFWWWHDHHHWHKHHHGDNWWFGWHYEGFWHDEWWWFQ,8.466655461955531,25536.43930000004,high molecular
59,CCHQSWWQDWNWHWASWEMHDHHWDFHHEEHDTFYHHHHNTHSHHSSYHWFHHWWHAHQFHWFYGHYHNHHNHHNSHDDSHHWAHHFHSHCHWDSSQHHFNHWNHHHAHNCYHHWDWHDHTHNHHYHARHGSCNWHAFHNWHGWWHNWDHSHWHGFFWWNHDHHHWHKHHHGDNWWFGWHYEGFTHDEWWWFQ,8.462053211733139,25757.69320000004,high molecular
60,CCHQSWWWDWNWHWASWEMHDHHWDFHHEEHDTFYHHHSETHFHHSSYHWFHHWWHAHQFHHFYGHYHNHHNHHNSHDDSHHWAHHFFSHCHWDSSQHHFNDWNHHWAHNCYHHWDWHDHTHNHHYHARHHSCNWHAFHNWHGWWHNWDHSHWHGFFWWNHDHHHWHWHHHGDNWWFHEHYEGHTHWEWWWFQ,8.450934149085521,26051.00810000005,high molecular
61,CCHQHWWWDWNWHWAHWEVHDHHWDQHHEEHDTFYHHHSETHFHHSSYHHFDHWWHAHQFHHFYGHYHNHHNHHFSHDDSHHWAGHFFSHHHWWSSQHHFNDWNHHWADNWYHHWDWHDHTHNHHGHAHHHSCNWHAFHNWHGWWHNWDHSHWHWFFWWNHDHSHWHWHHHGDNWWFHEHYEGHTHWEWWWFQ,8.484317568652624,26101.945500000053,high molecular
62,CCHQHWWWDWNWHWAHWEVHDHHWDQHYEEHDTFYHHHSETHFHHSSYHHFDHWWHQHQFHHFYGHYHNHHNHHFSHDDSHHWAGHFFSHHHWWHHQHHFNDWNHHWADCHYHHWDWHWHTHNGHGHAHHHSCNWHAFHNWHGWWDNWDTSRWHWFFWWNHDHSHWHWHHHGDHWNFHEHYEGHTHWEWWWFG,8.509697197760632,26056.969500000047,high molecular
63,CCHWHWWWDWNWHWAHWEVHDHHWDHHYHEWDTFYHHHHETHFHHSDYHHFDHWWHQHQTHHFYGHYHNHHNHHFSHDDHHNWHGHFFSHHWWWFHQHHFNDWNHHWADCHYHHWDWHWHTHNGHGHAHHHSCNWHAFHNWHGWWDHWDASRWHWFFWSNHDHSHWHWHHHGDHWNFHEHHEGCTHWEWWWFG,8.520055597746646,26199.198000000048,high molecular
64,HCHWHWWWDWNWHWHHWEAHDHHWDHHYHEHDTFYHHHHFTHFHHSDYHHFDHWWHQHQTHHFYGHYHNHHNHHFFWDDHHNWHGHHHSHHWWWFHQHHFCDWNHHWADCHYHHWDWHFHWHNGHGHAHHHSCNHHAFHNWHGWWDHWDANHWHWFFWSNHDHSHWHWHHHGDHHNFHEHHEGCTHWHWWWFG,8.521385109663854,26282.263200000056,high molecular
65,HCHCHWWWDWNWHWHHWEYHDHHWDHHYHEHDTFYHHHHFTHFHHFDYHYFDHWWHQHQTHHFCGHYHNHHHHHFFWDDHHNWHGHHHHHHWHWFHQHHFCDWNHHWADCHWHHWDWHFHWHNGHGHAHHHSCNHHAFHNWHGWWDHWDAFFWHWFFDDNHDHSHWHWHHHWDHHNFHEHHDGCTHHYWWWFG,8.576309651325834,26456.545000000053,high molecular
66,HCHGHWWWDWNWHWHHWEYHDHWWDHHYHEHDTFYHHHHFTHFHHFDYHYFDHWWHQHQTHHHCGHYHNHHHHHWFWDDDHNWWGHHHHHHWHWFHQHWWCDWNHHHADCHEHHWDWHSHWHNGHGHGHFHSCNHHAFHNWHGWWDHWDAFHWWWGFDDNHDHSHWHWHHNWDHHNFHEHHDGCTHHYWWWFG,8.54067096556976,26359.272800000053,high molecular
67,HCHNHWWWDWNWHWHHWEWHDHWWDHHYHEHNTFYHHHHFTSFNHFDHHYFDHWWHQHQTHCHCGHEHNHHHHHWFWEDDHHWWGHHHHHHWHWFHQHWWNDWAHHHADNHEHHWDWHSHWHNGHGHGHFHSCNHHAFHNWHGWWDHWDAFHWWWGFDDNNEHSHWHWCHNWDHHNFHEHHDGCTHHYWWWPG,8.55413365397313,26194.080700000057,high molecular
68,HCHNHWWWDWNWHFHHWEWHDNWWSHHYHEHNTFYHHHHFTSFNHFDWHYFDHWWHQHQTHCHCGHEHNHNHHHWFWEDDHHWWGHHHHHHWHWWHQHWWHDWAHEHADNHEHHWDWHSHWHNGHDHGHFHSCNHWHFHNWHGWWDHSDAFHFWWGFDWNNEHSHWHWCHNWDHHNFHEEHDGCTHHYWWWPF,8.507130332099234,26372.298300000057,high molecular
69,HFFNHWWWFWNWHFFHWEWHDNWWSHHYHEHNTFNHHHHYTSFNHFDWHYFDHWWHQHQTHCHCGHEHNHNHHHWHWEDDSHWFGHHDHHHWHWEHQHWWHDWAHEHADNHEHHWDWHSHWHNGWDHGHFHSCNHWHFHNQHGWWDFSDAWHFWWGFDWNNEHSHWHWCHNWWHHNFHEEHDGCTHHYWWWPF,8.498770879604482,26368.316000000053,high molecular
70,HFFNHWWWFWNHHFHHWEWHDNWWSHDYHEHNTFNFHHHYTHFNHFDWHYFDHWWHQHQTHCHCGHEHNHNHHHCHWEDDSHWFGWHDHHHWHWEHQHWWHDWAHEHADNHEHHWDWHSHHHNGWWHGHFHSCNHWHFHNQHGWWDFSDWHFWWGFDWNNHSSHWHWCHHWWHGNVHEEHDGCTHHHWWWPF,8.547186220693705,26091.068400000055,high molecular
71,HFFNHWWWFWNHHFHPWEWHDNWWSHDYHEHNTHNFHHHYTHFNFFDWHYFDHWWHQHQTHCHCFHEHNHNHHHNHWEDDSHWFGWHDHWHWHWEHQHWWHDWNHEHADNHEHHWDSHSWHHNGWWHGHNHSCNHEHHHNQHGWFDFSDWHFHWGFDHNNHSSHWHWCHCWWHGNVHEEHDGHHHHHWWWPF,8.51388572525295,25992.816300000057,high molecular
72,HFFNHWWWFWNHHFHPWEWHDNWWSHDFHEHNTHFFHHHYTFFNFFDWHYFDHWWHWHHTHCHCFHEHNHNHHHNHWEDDSHWFGWHDHWHHHWFHQHDWHWWNHEHADHHEHWWDSHSWHHNFWWHGHNHSCNHEHHHNQCGWFDFSDWHFHWWFDHNNHSSHWHWFHCWWHGNVHEEHDGHHHHHWWWPF,8.511201283293504,26357.425500000056,high molecular
73,HFFNHWWWFWNHHFHPWEWHHNWWSHDFHCHNHHFFHTHYTFFNFFFWHYFDHDWHWHHTSCHCFHEHNHNHHHNHWHDDSHWFGWHDHWHHHAFHQHDWHWWNHEHADHHEHWWDSHSWHHNHWWHGHNHSCNHEHDHNQCGWFDFSDWHFHWWFDHNHHSSHWHWFHCHWHENVHEEHHGHAHHHWWWPF,8.580203425005095,26127.23440000006,high molecular
74,HFFNHWWWFWNHHFHPWEWHHNWFSHHFHCHNHHFFHTHYTFFWFFFWHYFDHDWHWHHTSGHCFHEHNHNHHHNHWHDDNHWFGWHDHWHQHAFHQHDWHDWNHEHADGWEHWWDSHSWHHFHDWHGHNHSCNHEFDHNQCGWFDFSDWHFHWWFDWYHHSSHWHFHCHWHENVHENHHGHAHHHWWWPF,8.575196598540497,25921.044300000045,high molecular
75,HFHNHWWWHWNHHFHPWEWHHNWFSHHWHCHNHHFFHTHYTFFWDFFWHYFDHDWHWHHFSGHPFHEWNHNHHHNHWHDDNHWNGWHDHWHQHAFHQHDWHDWNHEHADGWEHWWDSHSWHHFHDWAGHNHSCNHEFDHNQCGWFDFSDWHFHWWFDWYHHSSGHHFHCHHHENHKENHHGHAEHHWWWPF,8.537045720923965,25740.692000000043,high molecular
76,HFHNHWWWHWHHHFHHNEWHHNWFSHHTHCHNHHFCHTHYTFFWNFFWHYFDHDWHWHHFSGHPHHEWNHNHHHNHWHDDGHWNGWHDHWHQHAFHQHDWHDWAHEHADGWEHHWDSHSWHHDHDWAGHNHSCNHEFDHNQCGWNDKSDWHFHWWFDWYHHWSGHHFHCHHHENHKENHHWHAEHHWWWPF,8.502243387246843,25586.474800000047,high molecular
77,HFHNHWWWHWHHHWHHNHWHHHWFSHHTHCHNWHFCHTHYTFDWNFFWHYFDHDWHWHHWSGHPHHEWNHNHHHNHWHDWGHWNGWHFHWHQHAFHQHDNTDWAHEHADGWEHHHDSHSWHHDHDWAGHNHSCNHEFDNNHCGWWDKSDWHFHWWFDWYHHWSGWHFHCHHHENHKENHHWHAEHHWWWPF,8.490473488856063,25765.74010000005,high molecular
78,HFHNHWWWHWCHHWHHNHWHHHWFSHHTHCHNWHFCHTHYTFHWNHCWHYFDHDWHWHHWSGHPHHEWNHNSHWNHWHHWGHWNGWHFHWHQHAFHQHDNTDWAHEHGHGWEHHSHSHSWHHDHDWACHNHSCNWEFDNNHCGWWDKSDWHFHWWFDWWHHWSGWHFHCHHHEHHKTNHDWHAEHHWWWPF,8.501793239770999,25791.979500000056,high molecular
79,HFHNHWWWHWCGHWHHNHWHHHWFSHWWHCHNWHFCHTHYTFHWNHCWWYFDHDWHWHHWSGHHHHEWWHNNHWNHWHHWGHWFGWHFHWHQHAFHQHDNTDWAHEHGHGWEHHSHSHSWHHDHDWACHNHSCNWEFDNNHCGGWDKSDWHFWWWGWWWHHWSGWHFHCHHHEHDEFNHDWHAEHFWWWPF,8.48956182822606,26003.27280000005,high molecular
80,HFHNHCWWHWCGHWHHWHWHHHGFSHWWHCHNWHFCHWHYTFHWNHCWWYFDHDWHWHHWSGDHHHEWWWHNHWNHWHHNGHWFGWHFSWHWHAFHQHDNTDWAHAHGHGWEHHSHSHSWHHDHDWSCHNHSCNWEFDNNHCNGWDKSDWGFWWWGWWWHHWSGWHFHCHSHDHDENNHDWHAEHFWWWPF,8.512372439194829,25771.994100000047,high molecular
81,HFHNHCWWHWCGHWHHWHWHHHGFSHWWHCHNWHFGHWHYTHHWNWCWWYFDHHWHWHDWSGHHYSEWWWWNHWWHWGHNGHWFGWVFSWHWHAFHQHDNTGWAHHHGHGWEWHSHSHSWHHDHDWSCHNHSCNWEFDNNHCNGWDKSDWGFWHWGWWWHHWSGWHFHCHSHDHDENNHKWHHEHFWWWPF,8.48379937226873,25853.215600000058,high molecular
82,HFENHWWWHWCGHWHHWHWDHHGFSHWWHCHNWHFGHWHYTHHWNWCWWDFDHHWHWHDWSGHHYSEWWWWNHWCDWGHNGHWFNWVFSWHWSWFHQHDNTGWAHHHDHGWEWHSHSHSWSHDHDWSCHNHSCNWEFDNNHCNGWDKSDWGFWHWGWWWHHWSGWHFHCHSHDHDENNNKWHHEHFHWWPF,8.492732051927334,25810.988800000057,high molecular
83,HFENHWWWHWCDHWHHWHWDHWGFSHWWHCHNWHFHDWHYTHHWNWCWWKFDHHWHWHDWSGHHYSWWWWNNHWCCWGHNGHWFNWWFSWHWSWFHQHWNTGWAHHDDHGWEWHSHSHSWSHDHHWSCWNHSCNWEFDNNHCNGWWKSDWGFWHWGWWWHHWSGWHFHCHHHDHDENNNKWHHEHFHWWPF,8.496269539012792,26290.71710000006,high molecular
84,HFEHHEHHHWCDHWHHWHWDHWGFSHWWSCHNWHFHDWHYTHHWHWCWWKFDHHWHWHDWDGHHYSWWWWNNHWCCWGHNGHWFHWWFSHHWGWFHQHWNTGWAHHWDHGWEWHSHSHSWSHDHHWSCWNHSCNWEFDNNHCNGWWKSDWGFWHWCWWWHHWSGWWFHCHHHDHDENNNKWHHEHFHWWPG,8.53461891926502,26179.603800000063,high molecular
85,HFEHHQHHHWDDHWHHWHWDHVGHSHWWSCHNWHWHDWHYNHHWHWCWWKFDHHWHWHDWLGHHYSWHHWNNHWCCNGHHGHWFHFWFSHHWGWFHQHWNTGWAHHWDHGWENHSHSWSWSHDFHWSCHNHSCNWEFDNWHCNGWWKSDWGFWHWCWWWHHWSGWWFHCHHHDHDENNWKWHHEHFHWWPG,8.477395305024148,26039.449000000055,high molecular
86,HFEHHQHHHWDHHWHHWWWDHVGHSHWWSCHNHHWHDWHYNHNWWWGWWKFDHHWHWHDWLGHHYSWHHWRNHWCCNGHHHHHFHFWFSHHWGWFHQHWNTGWAHHWDHGWENHSHSWPWHHDFHWSCHNHSCNWEFDNWHCNHWWKSDWGFWHWCWWWHHWSGWWFHCHHHDDDENNWKWHHEEFHWWPG,8.518429839318905,26224.654400000058,high molecular
87,HFEHHQHHHWWHHWHHWWWDHVGHSHWWSCHNHHDHDWHYNHNWHNGSWKFDHHDHWHDWLGHHYSWHHWRNHWCCNGHHHHHFHWWFSHGWGWFHQHWNTGWAHHWDWGWENHSHSWPWHHDFHWSCHNCSCNWHFDNNHHNHWWKHDWGFWHWCWWWHHWHGDWFHCHHHDDDENNWKWHHEEGHWWPG,8.466243722965451,25816.037100000056,high molecular
88,HFEHHQHDHWWHHWHHWWWDHVGHSHWWSCHNHHDHDWHYNHNWHNASWKFDHHDHWHHWWGHHYSWHHWRNHWCCWGHHHHHFHNWFSHGWGWFHQHWNTGWAHHWDWGWEWHSHSWPWSHDFHWSCHNCDCNWHFWNWHHNHWWKHDWGFFHWCWWCHHWHGDWFHCHHWDDWENNWKWHHEEGHWWPG,8.47687159495929,26094.491200000055,high molecular
89,HFEHHQHDHWWHHWHHWWWDWVGHSHWWSCHNHHWHDWHWNHNWHNASWQFDHHDHWHHWHGHHYSWHHFHHHWCCWGHHHHHFHNWFSHGWGWFHQHHNTGWAHHWDWGWEWWSHSWPWSHDFHWSCHNCDCNWHFWNQHHNHWWKNDWGFFHWCWWCHHWHGDWFHCHHWDDWENNWKWHHEEAHWWPG,8.468569967281688,26086.47070000005,high molecular
90,HFEHHQHGHWWCHWHHHWWDWVGHSHWWSCHNHHHHDWHWNHNWHNAGWQFDHHDHWHHWHGHHYSWHHFHHHWCCWGHHHHHFHNWFSHHWWWFHQHHNTGWAHHWDEGWEWWSDSWPWSHDCHWSCHNCDCNWHFWHQHHNHWWKHDWGFHHWCWWCHHWHGDWFHCSHWDDWENNWKWHHEEAHWWPG,8.475284098484716,25938.315800000055,high molecular
91,HFEHHQHGHWWCYWHHHWWDSVGHSHWWWCHNHHHHDWHWNHEWHNAGWQFDHHDHWNHWHGDHYSWHHFHHHWCCHGHHHHHFHNWFSHHWWWFHQHHNTGWAHHWDEGHEWWSDSWWWSHDCHWSCHNCDCNNHFWHQWHNHWWKHDWGFHHWCWDCHHWHGDWFHCSHWDWWENNWKWHHEEHHWWPG,8.448051602714648,25968.250700000055,high molecular
92,HFEHHHHGHWWCYWHHHWWDSVGHSHWWWCHHHHHHDWHWNHEWWDAGWWFDWHDHWNHWHGDHYHWHHFHHHWCCHGHHHHHFHNWHKHHWWWFHQHHNTGWAHHWDEGHEWWSDSWWWSHDCQWHCHNCDCNNHFWNQWHNHWWKHDWGFHHWCWDCHHWHGDWFHCSHWDWWHNNWKWHHEEHHWWPG,8.500953599461239,26264.667200000058,high molecular
93,HFEHHHHGHWWCYWHHHWWDSVGHSHWWWEWHHHHHDWHWNHWWWDAGWWFHWHDHWAHWHGDHYHWHHFHHHHCCHGHHHHHFHNWHFHHWWHFHQHHNTGWAQHWDEGHEWWSDSWWWSNDCQWWCHNCDCNNHFWNQWHNHWWKHDWNFHHWEWDCNHWHGHWFHCSHWDWWHNNWKWHHEEHHWWPG,8.48710381740102,26395.753700000056,high molecular
94,QDPHHEHGHWWFYWHHHWWDDVGHSHAWWEWHHHHHDWHWNHWWWDAGWWFHWHHHWAHWHGDHYHWHHFHHHHCCHGHHHHHFHNWHFHHWWHFHQHHFTGWAQHWDFGHEWWSDSWWWSNDCQWWCHNWHCNNHWNQWHNHWWKHDWNFDHWEWDCNHWHGHWFHCSHWDWWHNNWKWHHHEHHWWPG,8.496909280483434,26288.643500000053,high molecular
95,QDPHHEHGHWAFYWHHHWWDDVGHSHAWWEWHHHHHDWHWNHWWHDAGFWFHWHHHWAHWHGDHYHWHHFHHHHNCHGHHHHHFHNHHFHHWWHFHFHHFTGWAQHWDFGHEWWSDFWWWNNDFQWWCHNDHCWNHWNQWHNHWWKHDWHEDHWEWDCNHWHCWWFHFSHWDSWHNNWWWHHHEHHWWPG,8.508301004228295,26301.551000000047,high molecular
96,QDPHHEHGHWAFYWHHHWWWDVGDSHAWWEWHHHNHDWHWNHWWHDAGFTFHWHHHWAHWHGDHYHWHHFHHHHNCHGHHHHHFHNHHFHHWWHFHFHHFTGHAQHWHFGHEWWSDFWWWNNDFQWWCWWDGCWNHWNQWHNHWWKHDWHTDHWEWDCNHWHCWEWHFSHWDSWHNNWAWHHHEEDWWPG,8.51273653626588,26065.27100000004,high molecular
97,QWPHHEWGWWAFYWHHHWWWDVGDSHFWWEHHHHNHDWHWNPWWHDAGHTFHWHHHWAHWDGDHYHWWHFHHHHNCHGHHHHHHHHHHFHHWWHFHFHHFTGWAQHWHFGHEWWSDFWWWNHDFQWWCWWDGCWNHWNQWHNHWWKRDWWTDHWEWDCNHWHCGEWHFSFWDSWHNNWAWHHHEEDWWPG,8.526782702929996,26272.62250000004,high molecular
98,HWPHHEWGWWAFYWHDHWWWDVGDSHFWWEHHHHNHDWHWNPWWHDAGQTFHQHHHWAHWHGDHYFWWHFHDHHNCHGHHHHHHHHHHFHHWWGFHFHHFTGWAQHWHFGHEWWSDFWWWNHDFQWWNWWDGCWNHWNQWHNHDHKRDWWTEEWEWDWNHWHCGEWHFSFWDSWHNNWFWHHHEEDWCPG,8.544947062778128,26095.300200000038,high molecular
99,HWPHHEWGWWAFYWSHHWWWDVGDSHFHWEHHHHNHDWHWDPWWHWAGQTFHQHHHHAHWHGDHYFWWHFHDHHNCHGHHHHHHHHHHFHWWGFHFHHCTGWAQHWHFGHEWWSDFWWWNHDFHWWNWWDGCWNHWHSSHNHDHKRDWWTEEWEWDWNHHHDGEWHFSFWDSWHNNWFWHHHEEDWGPG,8.561715987008792,25668.730600000035,high molecular
100,HWPHHEWGWWAFYWSHRWWWDWGDSHFHWEHHHHNHDWHWDPWWHWHGQTFHQHHHHHFWHGDHWFWWHGHDHHNCHGCHHHHHHHHHFHWWGFHFHHCTGWAQHWHFGHEDWSEFWWWNHDFHWHNWWDGCWNHWHSRHNHKHKRDWWTEEWEWDWNNHHDGEWHFSFWDDWHNNWEWHHHEEDWGPG,8.525238813787045,25778.87140000004,high molecular
0,FGRWFDIAQFPQFEKDDAEDYGFAHATDFASREYAIGWLKFNTWNLAGAGPRSLAAAYGWFCSWLCRFFPMKLFFSAMGSCLATKVQVKWKVHLYRAHMSNLGDGIGIGSWNNRVNKPYSYQVHHCDWHQGGHWAQMDPRPGHCFLDVECRQFGVNAEFAYKSQMYQMSMIRYRYFWKSSPKNIVNTVWKPLGANDSCTQ,0.0,23290.2076,low molecular
1,FGRWFDIRQFIQFEKDFAWDYGNAHATKTASREYAIDWLKLNTPNLAGAGPRSLAAAYGWFCSWLCRFFPEKLFFSLMGSCLATKVQVKWKVHLYRATMSNLGDGINIGSWNNRVNKPYSYQVHHCDWHQGYHWAQMDPRPGHCFLDVECRQFGVNAEFAYKSQMYQMQMIYYRYFWKSSPKNIYNTVWRPLGANDSCTQ,1.0650905752528077,23656.6396,low molecular
2,FGRMFDIRQFIQAEKDFAWDYGNAHYTKTASREYAIDWLKLKTPNLAGAGPRSVAAVYGWFCSWLCRFFQEKLFFSLMGICLRTKVQVKWKVHLYRATMSNLRDGINIGDWNNRVNKPYSYQVMHCDWHQGTHWAQMDPRPGHCLLDVECRQFGVNAEFAYKSQMYQMQGIYYRYLWKSSPKNIYNTVVRPLGANDSSTL,1.0721679267431186,23586.7621,low molecular
3,FGNMFDIRQFIQALKCFAWDYGNAHYTKTASRKYAIDWLKLKTPNLAGAGPRSVAAVYGKFCSWLCRRFQEKLFFGLMGICKRTKVQVKWKVHLYRATMSNRRDGINIGDWNNRVNKQYSYQVMHCKWHQGTLTAQMDPKPGMCLLDVECRQFYVNAEFAYKSQMYQMQGIYYRYLWKSSPKNIYNTVVRPLGANDSSGQ,1.0735305934557056,23472.922899999994,low molecular
4,FGNMFDIRQFIQALKCFAWDYGNRHPTKTASRKYAIDWLKLKTPNLAGRGPRSVAGVYGKFCDWLCRRFQEKIFFGKMGICKRTTVQVKDKVHLYRATMSNRRDGIPYGDWNNRVNKQYSYQVMHCKWHQGTLTADMDPKPGMCNLDVECRQFYVNAEFSYKSQMYQMQAIYYRYLWSSSPKNIYNTVVRPLGANFSSGQ,1.0459312082860956,23549.836599999995,low molecular
5,FGNMFDIRQFIQALKCFAADYVNRHPVKTASRKYMIDWLKLKLPNLATRQPRSVAGVYGATCAWLCRRFQEKIFQGKMKICKRTTVQVKDKVHLYRATMSNRRTGIPYGDWNNRVNKQYSYQVMHQKWLQGTLTADMDPKPGMCILDVEYYQFYVNAEASYKSQMYQMQAIYYRYLWSSSPKNIYNQVVRPLGANFSSGQ,1.052067687220353,23571.039599999986,low molecular
6,FGNAFFIRIFIQALKCYAADYVNRHPVKTSSRKYMIDWLKLRLPNLAQRQPRSVAGVYGQTCAWLCRRFLEKIFNGKMKICKRTTVQVKDKVHLYRATMSNRRLGIPYGDWNNRVNKTDSYQVMHMKWLQGTLTADKTPKPGLCILDVEYYQFYVNAEASYKSNMYQMQAIYYRYLWSSSGKNIYNQVVRPLGANFSTGQ,1.059210839660161,23508.026799999992,low molecular
7,FGNVFLIRIFIQALKCYAADYVNRHPVKTSSRKYMIDWLKLRLPNLAQEQPRSVAGVYGQTCAWLCRRFLEKIFNGKSKICFRVTVQVKKKVHLYRATMSNRRLGIPYGDSNNRVNKTDSYDVMLMKWLQGTRTADKTRKPGLCILDVEYYAFYVNAEASYFSNMYQMQAIYYRYLISQSGKNIYNQVVRPLYANFSSIQ,1.0572041783862831,23505.0807,low molecular
8,FGNVFLIYIFIQALKCYAAMYVNRHPVKTSSRKYMIDWEKLRLPLLAQEMPRSVAGVGQQWCAWLARRFLVKIFNGKSKLNFAVVVQVKKPVHLYRATMSNRRLGIPYGNSNNRVNKTDSYDVMLMKWLQGTRTADKGRKPGLYILDSEQYAFYVNAEASYFSNMYQMQAIYYRYLISQSGKNIYNQVVRPLYANFSSIQ,1.05371359995016,23394.98609999999,low molecular
9,VGNVFLIYIFIQQLVCDAAMYVNRHPVKTSSRKYMIDWEKLGLPLLAQEMPRSVAGVGQQVCAWLARRFLVKIFNGKSKLNRADVVQVKKPVHLYRATMSNVRLGIPYGLSNNRVNKTDIYDVMLMKWLQRTRTADKGRKPGLYYLDSEQYAFYVNAEASYFSNQYQMQAIYYRYLISQSLKNIYNLVVRPLYANESSIQ,1.0672218271396228,23302.861199999996,low molecular
10,VGNVFLIYIFIQQLVCDAAGLVNRHPVKTSSRKYMIDWEKLGLPLLAQEMPRSVAGVGQQTCAWLARRGLVKIFNGKSKLNRADVVQVKKPVHAYRATMSAVRLGIPYGLSNNRVNQTDIYDKMLMKRLQRTRTLDKGRKPGLYYRDSEQYAFYVNAEASSFSMAYIMQAIYYRKLISQSLKNIYNLVVRPLYAPESSIQ,1.0740462974856861,22906.515,low molecular
11,MGNVFLIYIFIQQLVCDAAGLVNRHPVKTSSRKYNIDWEKIGLPLLKQEEPRSVAGVGQQTCYWLARRGLVKIFNGKSKLNRQDVVQVKKLVHAYRAVMSAVRLGIPYGLSMNRVNQTDIDDKMLMKRVQRKCTLDKGRKHGLYYRDSEQYAFYVNTESSSFSMAYIFQAIYYRKLISQSVKNIYNLVVRPLYAPESIIQ,1.0551920607686043,23182.802700000007,low molecular
12,MGIVFLIYIFIQQLVCDAAGLVNRHPVKVSSRKYNIDWDKIGLPLLKQEEPRSVAGVGQQTCYWLARRGDVKIFNGKSKLNRQDWVQVKKLVHQYRAVMSAVNPGIPYSLSMNRVNQTIIPDKMLMKRVQRKCTMDKGRKHGIYYRDSEQYAFYFNTESSSFYMAYIYQAIYYRKLISQSVKNIYNLVVRPLYAPESIIQ,1.0583815848592415,23422.093200000007,low molecular
13,MGIVFLIYIFIQQLVCDAAGLVNRHPRKVHSRKYFIDWDKIGLPLLKQEEPRSVAGVGQQTCYWLARRGDVKIFNLKSKLNRQDMVMVKKLVHQYRIVMSAVNPGIPYSHSMNRVNQTIIPDKMLMKRVQRKCTMDKGRKHGIYYRISESYAFYDETEASSFYGAYIYEDIYYRKLISQSVKNIYNLNKRKLYAPQSIIQ,1.0600821901051942,23601.380400000013,low molecular
14,MGIVFLIYIFIQQLVCDAYGLGNRHPRKVHSHKYFIDWDQIGLLLLAQPEPRSVAGVGQQVCYWLARRGLVKIFNLKSKLHRQDMVQVKKLVHQYRIVMSAVNPGIPYSQSMNRVNQTIIPDRMLFKRVQRKCTMDKGRKHGIYYRISESYAFNDETEASSFYGAYIYDQISYRKLISQSVKNIYNLNKCKLYAPSSIIQ,1.0637544252041897,23390.058000000015,low molecular
15,MGIVFLIYIFIQQLVCFAYGLGNRHPRKNESHKYFIDWDQIGLLLLAQPEPRSVAGVGKQVCYWKARRGLYKIFNLKSKLHRQDMVLVKKLVHQYLIVMSAVNPGIPLSQSMERVNQTIIPDRMLFKRVQKKEKMDKLRKHGIYYRIVESYAFTDETEASHFYGKYIYDQISYRKLISQSIKNIYNLNKDKLYAPSSIIQ,1.0484325354707174,23628.50170000002,low molecular
16,MGIRFLIYIFIQILVCFAYGLGNRHPRKNISHKYFIDWDQIGLLLPAQPEPRSVAGVGKQVCYRKAKRGYYKIANLKSKLHRQDMVLVKKLVHQYLIVESCVNPGIPLSQSMERVNQNIIVDRMLFKRVQKKEKMNKLRKHGISYRMVESYAYTDETSASHFYGKYIYPQISYRKLISESIKNIYNLNKDKLYAPSSIIQ,1.0392112741564317,23497.398600000022,low molecular
17,MGNRFLIYIFIQILVCFAFTLGNRHPRKNISHKYFFDWDQIGLLLPDKPEPRSVAGVTKQVCYRKNKRGYYKIVNLKSKLHRQDMPLVKKLVHQALIVESCVNPGIPLSQSMERVNQKIIVDRKFVKRVQKKEKMNKLRKHGISYRMVESYAYTAETSASEFYGKYIYPQISYRKLISLSIKNIYNVNKDKLYAPSSIIQ,1.0230500876178583,23540.48650000002,low molecular
18,MGNRFLIYIFIQILVCFAFTLGIRHPRKNISHYYEFFWDQIGLLLPDKPVPRSVAGVTKQVCRRKNKRGYYKIVNLKSKLHRQRMPLVKKLVHQALIVESCLNPGIPLSQSMERYKQKIDVDRKFVKRVQKKEKMNKLRKHGISYRMVELDAYTAETSLSEFYDKYIYPGISIRKLISLSIKNIYNVNKDKLYLPSSIIE,1.0150161338202783,23686.846400000028,low molecular
19,MGNRFLIYIFIQILPCFAFTLGIRHMRKNISHYDEFFQDQIGLLLPDKRVPRSVAGVTKQVCHRKNKRGFYKIVNLKSKLHRQRMPLVKKLVHQALINESCLNPGIPLSQSMSRYKQKINFDRKFVKRVQKDEKMNKLRKHGISYRMVELDYYTAETSLSEFYDKYIYPGISFRKGISLSIKNPYNVNKDKLYLPSSIIE,1.0179385256461417,23697.64040000002,low molecular
20,MGNRFLIYIFIQILPCFAFTLGIRHMPKNISHYDEFFQDQIGLLLPDKRVPRSNAGVQKQVIRRKNKRGFYKIVNLKSFLHRQRIPLVKKLVHQALINESCLNPGIPLSQSMSRYKQKINFDRKFVKRVQPDRKMNKLRKHGISYRMVELDYYTAETSLSEFYDKYILPGISKRMGILLSIKNPYNVNKDKLYEKISIMR,1.035549445225942,23784.89640000002,low molecular
21,MGNRFLIYIFIQILPCFAFTLGGRHMPKNISHYDEFMQDQIGGLLPDWIVPRPNAGVQKQVIRRKNKRGFYKIVNLNSFLHRQRIPLVKKLVHQALINESWLNPLITLSQSMSRYKQAINFDVKGVKRVVPDRKMNKLRKHGISYRMVELDYYTAEVSILEFYDLYIIPGISKRMGILLSIKNPYNVNKDKLYEKISIRR,1.0518119479212062,23611.658300000025,low molecular
22,MGNRFLIYIFIQILPCFAFTLAGRHMPKNISHYDEFMQDQIGGLLPDWIVPRPNAGVQKQVIRRKNKRGFYKIVNLNIFLKRQIIPLVKKLVHQRIINESWLNPLITLNQSMKRAKGAINFDVKGVKRVVPDRKMNKLIKHGISYQMVELDYYTAEVSILEQYDGYIIPGISKRVGINLSIKKPYNVNKDKLYQKISIRR,1.047972555208782,23425.55440000001,low molecular
23,MGNRFLIYYFKQILPCFAGTLAGRYMPKNISHYDEFMQDQIGGLLPDWIVPRSNAGVQKQVIRRNNKRGFYKIVNLNIGLNRQIIPLVKKLVHQRIINESWLNPLITLNQSMKLAKGAINFDVMGVKRVVPDRKMNKLISGGISYQMVELDYYQAEVSGLEQELMYILPGISKRVGINLSIKKPYNVNKDKKYQKISIRR,1.0592512852004305,23161.0983,low molecular
24,MGNRFNIYYFKQILPCFAGTLAGRNMPLNISHYDEFMQKQIGGLLPDWIVPRSNAGVQKQVIRRNNKRGFYTIVNLNIGLNRQIIPLVKKSVHQRIINESWMNPLETNNQSMKLDKGAINFDVMGVKDNVPDRKMNKLISGSISYQMVELDYYQARVSGLEQELMKTLPLISKRIGINLSIKKPYNVNKDLKYQKISIRR,1.0621942045188255,23175.87810000001,low molecular
25,MGNRFNIVYFKQILPCFAGTLYGRNMPLNISHYDEFMQKRIGGLLTDWIVDRSNAGVQKQVIRRNNKRGFYTTVNLNIGLNRQIIPLVKKSVHQRIITESWMNPLETNNQSMQLRKGYINFDVMDVKDNVPDYLMNKLISGSISYQMVEGDYYQARVSGDDQELMKTLPIISKRIGINLSIKKPYNVNKDLKLQKHSIRR,1.0662851598198442,23317.81860000001,low molecular
26,MGNRFNIVYFKQILPCFDGTLYGRNMPLNISHYDEFMQKRIGGLLRDWIVDRSNAGVVKDVIRRCNLRGFYTTVNLNIGLLRQIIPLVKKSVHQRIITESWMNPLETNNQSMQLNKGYINNDDLDVKDNVPDYDMNKLIYGSISYQMVEGDYYQARVSYDDPELMKTLTIISKRIGINLSIKKPPNVNKDLKLQKHSVRR,1.075429890384178,23347.75190000001,low molecular
27,MGNRFNIVYFKQLLPCFDGTLYGRNMPLNKSHYEEFMQYRIGFLLRDWIVDRSNAGHVVDVIRRCNLRGFYTTKNLNIGLLRQIIPLVGKSVHQRIITESWMIPLETNNQSMQLNKGYILNDDLDVKDNVPDKDMNKLIYGIISYQMVEGDSYQARVSGDDPELMLTLTIISKRIQENLSIKKPLNANKDLKLQKHSVRR,1.0751061293174808,23335.78440000001,low molecular
28,MGALFNIFYKKQLLLCFDGTLYGRNMPLNKSHYEEFMQYRIGFLVRDWIVDRSNAGHVVDVIRRCNLRGFTTTKNLNDGLLPQIIPVVGKSVHQRIITESWMINLETNNQGMQLVHGYILNDDLDVKDNVPDKDENKLIYGIISYQMVEGDSYQARVSGDDPELMLTLTIGSKRIQENLSIKKPLNANKDLKLQKHSVRR,1.073493798610302,23070.320600000014,low molecular
29,MGALFNHDSKKGLLLCFDETLYDQNMPLNKSHYEEFMQYRIGFLVRDWIVDRHNAGHVADVIRRCNLRGNTTTKNLDDGLLPQDIPVVGKSVHQRIITYSWMINLETNNQGMQLVHGYILNDDLDVKDNVRDKDENKLIYGIISQQMVYGDSYQARVSGDDPALMLTSTIGSKRKQENLSIKKPLNANKDLKLQKHSPRR,1.070286099267171,23029.96410000001,low molecular
30,MGILFNHDSKKGLLLCFDETLYDQNMPLNKSHYEEYMQYMTKHLVRDRIVDVHNAGHVADVIRRCNLRGNTTTKNLDDGLLPQYIPVVGKSVHQNIITYSWMINLNTVNQGMQLVHGYILNDDLDVKDNVRDKDENKLIYGIISQQMVYGDSYDARVPGDDPALMLTSTNLSKRKYENLSIKQPLNANKDLKLQKHSLAR,1.0721058556810021,23021.010000000013,low molecular
31,MDILFNHDSKKGLLLCQDETLYDQNMPLNKSHYFEYMQYMTKHLVRDRIVFVHNAVHVADVIRRCNLRGNTTTNNNDDGILPQYIPVVGKSAHQNIITYSWNINLNTHNQGMQLVHGYILNDDLDVKDNVRDKDQNKLIGGIISQQLVYGDSYDYDKPGDDPALMLRSTNLSKRKYQNLSNKQPLNANKDLKLQKHSLAR,1.0483702380125495,23141.899700000005,low molecular
32,MDILFNHDYKQGLLLVHDRTLYDQNMPLNKSHYFEYMQYMTKHLVRDRIVFVHNAVHVADVIRQCNLRGNTTTNANDDGILPQYIPVVAKSAHQNDITYSWNINLNTHNFGMQEVHGYIVNDDLDVKDNVRDKDQYKLIGGIDSQQLVYGDSYDYDKPGDDEALMDRSTNLSKRKYNSLQNKQPLNANKDLKLQKHSLAR,1.0529239978747105,23300.801,low molecular
33,MDILFNHDYKQGLLLVHDRTLYDQNMPLNKSHYFEYMQYMTKHLVRSRIVGVHNAVHVADVIRACNLRGNTTTNANDDGILPLYIPVTAKSAHQNDITYSWNINLNTINFGMQEVHGYIVNDDLDVYDNVRDKDQYKLNGGIDSQQLVYGDSYDYDKPGDDENLMDRLTNRSKRNYTYLVNKQPMNARKDLKLQKHSLAR,1.0462292012472807,23316.8665,low molecular
34,MDILFNHDYKQGLLLQHDRTLYDQNMPLNKSHYFEYMQYMTKHLVRSRIVGVHNAVHVADVIVACVLRGNTYTNANDDGILPLYIPVTAKSAHQNDIYYSWNINLNIINFGMQDVHGYIVNDDLDVGDNYYDKDQYKLNGGIDSQQLNANDSYDYGKKGTDENLMDRLTNRYKRNYTYLVDKQPMNARKDLKLQKHSLAR,1.040281713982536,23376.957700000003,low molecular
35,MDILFLYDYKMGLLLQHDRTLYDQRMPLNKSHYFEYMQYMTKHLVRSRILGVHNAVHVADNIVACVLRGNTYTNANDDGILPLYIPVTAKSDHQNIIYYSWNINLNIINFGMQDVSGYIVNDDLDVGDNYYDKDQYKLNIGIDSQQLNANDVYDYGPQGTDENLMDRDTNRYKRSYKYLVDKQPGNARKQLKLQKHSLAR,1.0504105500718155,23446.142199999995,low molecular
36,MRIQFLYDYKMGLLLQHDRTLYDQRKPANKSHYFEYMQPMTKHLVRSRILTVHNAVHVATNIVACVLRLNIYTNANDDGILPLYIPVTAKSDYQNIIYYSWNQNSNIINFGMQDVSGYRVNDDLDEGDNYYDKDQYKLNIEINSQSLNVNDVYDEGPQGTDENLMDRDTNRYKRSYKYLVDKQPGNARKQLKLEKHSLAR,1.047356943472881,23602.220800000006,low molecular
37,MRIVFLYDYKMGDLLQVDRTLYDQRKPANKKHYVEYMQPMTKHLVNSRGITNHNAVMVATNIVACVLRLNIYTNENDDGILPLYIPVTAKSDYQNEIYYSWNQNSNIINFGMQDVSLYRVNDDLDEGDNYYDKNQYKLNIEINSQSLNVNDVESEGKQGTDENLMDRDTNRYKRSYKYLVDKQPGNARKLLKLEKHSLAN,1.0534069972028108,23482.082300000016,low molecular
38,MRIVFLYDYKMGELLQVDRTLYDQRKPANKKHYNEYMQPMTKHLVNSRGITNHNAVMVATNIVACVLRLNIYVNEKDDGILPLYIPVTAKSDLQNEIYYSRNQNSNIINFFMQDYSLYRVNGDLDEGVNYYDKNIYKLNIEINSQSLNVNDVESEGKQGTDEILMDRDTNRYKRSYTYLVPKQPGNARKLLKLNKESLNN,1.0478082857814364,23482.340500000017,low molecular
39,MRIVFLYDYKMGELLQLDRKLYDQQKPANKKHYNEYMQPMTKHLVLSRGITNHNAVMVAVNIVAVVLRLNIYVNEKDDGILPLYIPVAALSDLQNYIYYSRNQNSNQIYFFMQDVSLYRVNGDLDEGVNYYNKDIYKLNIEINSQSLNVKDVISEGKQGTDESLNDRDTNRYKRSYTYLVPKQPGNARKLLKLNIEPLNN,1.0613899167834793,23427.43050000002,low molecular
40,MRIVFLYDYKMGEKLALDRKLYDQQKPANKKHYNEYYQPCTKHLVLSLGITNHNAVMVAVNIVKVVLLLNIYVHEKDDGILNLYIPVAALSVLQNYIYYSRNQNSNQIYFFMQDVNLYRVNGRLDENVNYYNKDIYKLNIEINSQSLNNKDVISEKGQGIDESLNDDDTNRYKRSYTYLVYKQPGNARKLTKLNIEPLNN,1.0574155306358906,23549.53010000003,low molecular
41,MRHVVLYDYSMGEKLALDRNLYDQQKPANKKHYNETYQPCTKHQVLSLGLTNHNAVQVAVNIVRVVLLLNIYHGEKDDGILNLYIPVAALSNLQNYIYYSRNQNSNQIYFFMQDVNLYRVNGRLLENVNYKNKDIYKLVIEINSQSLNNKDVISEKGQGIDISTNDDDTNRYKRSYTYLVYKQPGNAVKLTKLNIEPLNN,1.047012180283094,23284.07800000003,low molecular
42,MRHVVLYDISMGPKLALDRNLYDQQQPANKKHANPTYQPCTKSQVLSLGLTNHNAVQQAVNIVRDVLLLNIKHGEKDDGILNLYIPVAAISNLQNYIYYSRNQNSNQIYFFMQDVNLERVNGRLLENVNYKNKDIYNLVIEINSQSVNTKDVISEKGSGIDISTNDDDTNRYKRSYTYLRYKQPENAVKLKKINYEPLNN,1.0500089057591553,23127.81340000003,low molecular
43,MDHDVLYDISMGPKKALDSNLTDIQQPANKKVANPTYQPNTKSQVLSLGLTNHNVVPQAVNIVRDVLLLNIKHGEKDDGILNLYIPVAAISNNQNYIYYSRNQNYNQIYFFMQKVNYERVNGRDLENSNYKNKDIYNLVIEINNQSVNTKDVISEKGSGIDISTNDDDTNRYKRSALYLRYKQPENAVKLKKINYEPLNN,1.0630303478529841,23018.52860000003,low molecular
44,MSYDVLYDSSEGPQKAIDSNLTQIQQPANPKVNNPTYQPNTKSQVLSLGLTNHNVQPQAENIVRDVLLLNIKHGEKDDGIWNLYIPVAAISNNQNYIYYSRNQNYNQIYFFMQKVNYERVNGRDLENSNYKNKDGINLVIEINNQSVNTKDVISYKYSGIDISTNDDDTNRYKRSALYLRYNQSDNAVKLKKINYEPLNN,1.0579000516286627,23141.31490000003,low molecular
45,MSYDVLYDSAEGNGKAINSNLTQLQQPANPKVNNPTYRPNTKNQVLSLGLTNANVQPQAENLVRDVLLLNIKHGEKDDGIWNLQIPVAAISNNQIYITYSRNQNYNQIVFFMQKVNYERVNGRDLEWSNYKNKDGINLVIEINNQSVETKDVHSYKYSGYDISTNDDDGNRYKRSALYLRYNQSDNAVLLKKINYEPLNN,1.0555322932672093,22999.208800000026,low molecular
46,MSYDVRYDSAEGNGKAINSNLTQTQQPANPKKNAPTYRPNTKNQVLSLGNTNYNVQPQAENLKRDVLLLVISHKEKDKGIWNLQIPVAAISNNQIYITYSRNMNYNQTVQFMQKVNYERVNGVDLEWSNYKNKDGINLVNEINTRSVETKDVHSYKYSGYDISTNDDDGNRYKRSALYLTYNQSDNASLLKKINYEPLNN,1.0461078151922927,23030.201800000028,low molecular
47,MSYDVRYDIAEGNGKAINSTLTQNTQLANPKKNAPTYRPNTKNQVLSLGNQNYNVQPQDENLKSDVLLLVISHKEQLKGIDNLQIPVAAISNNQIYKEYSRNMNLNQTVQFMQKVNYELVNGVDLEWSNYKNKDGINLVNEINTRSVETKDLHSNPYSGYDISTNDDDGNRYKRSALYLTYNQADEASLLKKINYEPLNN,1.045023662122813,22857.02220000003,low molecular
48,MSYDVRRDIAEGNGKAINSTLTQNTNLANPKKNAPTYRFNTKNQVLSYGNQNYNVQKQDENLKSDVLLLVILSKEQLKGIDNLQIPVAAISTNKIYKEYSRNMNLNQTGQFMQKVNYELVNGVDLELSNYKNKDGINLVNGINTRSYETKDLHSNNYSGYDISTNDADGNRYKRDALYLTYNQIDEASLLKKINYEPLNS,1.0652804470578716,22823.09200000003,low molecular
49,MSGLVLRRIAEGNGKAINSVQTQNTNLANPKINAPTTRFNTKNQVLSYGNQNYNVQKQDEILKPDPLLLVILSKEQLKGIDNLQIPVAAISTNKIYKEYSRNINLNQTGQFMQKVNYELVAGVDLELSNYKIKDGINLVNGINTMSYETKDLHSNNYSGYDFSTNDADMNRYKRDNAYLTYNQIDEASLLKKINYEPLNS,1.0626898305067285,22678.21040000002,low molecular
50,MSGLVSRRIAEGNGKAIQSVQTQGTNLANPVENAPTTRFLTKNQVLSYGNQNYNVQIQDEILKPDPAYLVILSKEQLKGIDNLQIPVAAISTNKIYKETSRNINLNQTGQNMQIVNYELVAGVDLELSNYNAKDGINLVNGINTMSYETKDLHSNNYSGYDFSTKDADMNIYKRDNAYLTYNQIDEAGLLKLINYEPLNS,1.0714829145528546,22347.693000000017,low molecular
51,MSGLVSRPIAEGDGKAIQSVQTQGTNLANPVENAPTTRFLTKEQVLSYGNQNYNVQIQDEILKPDDAYLVILSKEQLKGIDNAAIPVAAISTNAIYKETSINISLNQTGQNMQIVNYELVAGVDLELSNYNAKDGINLVNIINTMSYVTKDLHSNNYSGYVFSGKKADMNIYKRDNHYLTYQQIDEAGYLKLINYEPLNS,1.0859379393937574,22205.61490000001,low molecular
52,MSGLVSRPIAEGDGTAIQSVQEQGTNLANDVNNAPTTRFLTKEQSLSYGNQNYNVQIQDEILKPDDAYLEILRKEQLKGIDNTAIPVAAISTNAIYKEISINISLNQTGQNMQIVNYELVAGVILELSNYLAKDIINLVNIINTYSYVTKDLHSNNYSGYVFSGKKADMVIYGRDNHSLTNQQIDEAGYAKLINYEPLNS,1.08671350130515,22170.504700000012,low molecular
53,MSGLTSRPIAEGDGTALQSVQEQGTNLDNDVNNAPTTRKLTKEQSLSYGNQTYNVQIQDEILKPDDAYLEIMRKVQLKGIDNTRIPVAAISTNQIYKEISINKSLNQTGGNVQIVNQELVAGVILELSNYLAKDIINLVNIINTYSTVTIDLHSNNYSGYVFSGKSADMVISGRDNHSLTNQQIDEAGYAKLINIRPLNS,1.0907161738511852,21974.310400000017,low molecular
54,MSGLTSRPIGEGDGGALQSVQEQGTLLTNDVNNAPTTRKLTKEQSLRYGNQTYNAQIQDEILKPDDAELEIMRKVQLKGIDNTRIVVAIISLIQGYKEISINNSLNNTGGNVVIVNQELVAGVILELSNYLAKDIINLVNIINTYSTVTIDLHSEIYSGYVFTNKSADMVISGRDNHSLTNQGIDEAGYAKLINIRPLNS,1.0980999406469478,21864.36860000002,low molecular
55,MSGLTSRSIGEGLGGALQSVQEQGTLLTNDVNNAPATRKITAEQSLQYGNQTANAQIDDEILKPDDAELEIMRKVQKKGIDNTRIVVKIISLIQGYKEISINNSLNNTGGNVVTVNQELVAGVILELSNYLAKDIINLVNIINTDSTVTIDLHSEIYSEYYFTNKSADMVISGRDNHSLTNQGIDGAGYIKLINIRPINS,1.0908053879128685,21750.178400000023,low molecular
56,MRGLTSRSIGEQLGGLVQSVQEQGTLLTNDANNAPATSKITAEQSLQYGNQTDNAQIDDEILKDLDAELEIMRKVQKINIDNTRIVVKIISAIQGYKEISINNSLNNTVGNVVTVNQELVAGVILELLNYLAKDIINLVNIIRTDSTVTIDLHSEIYSEYRFTNPSADRVISGRDNHSLTNQGIDGAGYIKKINIRPINI,1.0822079032871195,22019.54830000002,low molecular
57,MRGLTSRSITEQLGGLVQSVQEQGTLLTNDAKNAPATSKITAEQSSQYGNQTDNAQIDDEILKDLDAELEIMRKVQKIIIDNNRIVGKIISAIQGYVEISINNSLNNTRGNVLTVNQELVAGVIYELLNYLAKDSINLVNIIRTDSTVTNDLHSEIYSEYRFTNPSADRVISGRDNHSLTNQGIIGEGYIKTINIRKINI,1.0801246169457128,22148.579600000026,low molecular
58,MRDLTSRSDTEQLGGLVQSVQEQGTLLTNDYKNAPATFKITAEQSSQYGNQTDNAQVDLEILKDLDAVLEINRKVQKSIIDNNRTVGKIISADQGYVEISINNKLNNTRGQVLTVNRELVAGVYYELLNYQAKDSINLVNIIRTDSTVTNDLHSEIYSEYRFTNPSADRVISGRDNHSLTNQGIIGEGYIKTINTRKVNI,1.0816707690881395,22383.585300000024,low molecular
59,MRDLTSRSDTEQLGGLVQSVQEYGTLLTNDYRNAPATFKITQEQSSQYGNKDDNAQVDLEILKVLDAVLEINRKVQKSIIDNNRTVLSIISADQEYVEISINNKLNNTRGQVSTVNRELVAGVYYELLNYQAKDSINAVNIIRTDSTVTNDLHSEIYSEYRFLSTSADNYISGRLNHSLTNQGIDGEGYIKTINTRKVNI,1.0837948406750166,22531.654400000025,low molecular
60,MRDLTSRSDTEQLQGLVQSHQEYGTLITIDYRNAPATFKITQEQESQYGNKDDNAQVDLEILKVLDADLEGNRKVQKSIIDNNRTVLSIISADQEYVESSINNKLNNTRGQVSTVNRELVAGVYYEVLIYQAKDSINAVNIIRTDSTVTEDLHSEIYIEYRFLSTSTDNYKSGRSNHSLTLQVIDREGYIKVINTRKVNI,1.0733724349940366,22798.978800000026,low molecular
61,MRDLTSRSDTEQLQGLVQSHQLYGTLITIDYRNAPATFKITQENESQYGNKDTNAQVDLEILKRLDADLEGNRKVQKSIIDNNRTVLSIISADDEDVESSINNKLNNTRYIVSTVQRELVANVRYEVLIYQAKVSHNASNIIRTDSTVTEDLHSDIYIEYRFKGTSTANYKSGRSNHSLTLQVIDREGYIKVINTRKVKI,1.0734474776228042,22843.17400000002,low molecular
62,MRDLTSITDTEQLQGNVQSHQLNGTLITIDYRNAPATFKITQENESQYGDKDTNASVDLEILKRLDADLEKNRKVQKSIIDNNRTVLSIISANDEYVEKSINNKLNNTRYIVSTVQRELVANVRYEVLIDVAKVSHNASNIIRTDSTQTSDLHSDIYIKYRFLGTSTANYLSGRSNHSLTAQVIDREGYIKVINTRKVKI,1.066399501170963,22722.123500000016,low molecular
63,MNDLTSITDTEQDQGNTQSHQLRGTLITIDSRKAPATLKITQENESQYGDKDTNALVDLAILKRLDADLEKQRKVQKNIIDNNRTVLDIISANDEYVEKSIISKLNNTRYIRSTVDRELVANSRYEVLIDVAKVSRNASAIIRTDSTQTSDLHSDIYIKYRFLGTSTANYLSGRSNHSLTAQVIIREGYIKVINTRKVKI,1.0606565927684477,22645.170800000014,low molecular
64,MNDLTSITDTEQDQRNTQSHQTRGALITIDSGLAVATLKITKENESQYGDVDTNDLVDLAILKRENADLNKQRKVQKLSIDNNRTVLDIISFNDEYVEKSIISKLNNTRYIRSTVDRELVANSRYEVLIDVAKVSRNASAIIRTDSTQTSDLHSDIYIKVRFLGTSTANYTSGRSNHSLTGQVIYREGYIKVINTRKVKI,1.0499885499646717,22614.027400000014,low molecular
65,MNDLTSITDTEQDKRNTQSHQERGALDTIDSGLAVATLKIGKENESQYGDVDTNDLVDLYILKVEQADENKQRKVQKLSIDNNRTVLDIISFNDEYVEKSAISKLNNTRNIRSTNDRELVANSRREVLIDVAKVSRNASALIRIDSTQTSDLHADIYIKVRFLGTSTANYTSGRSNHSLTGQVIYRSGYIKWQNTLKVKI,1.0679853332535871,22594.855200000013,low molecular
66,MNDLTSITDTEQDKYNQQSHQERGALDTINDGLAVATLKIGKENESQYGIVDTNDLVDLYTLKVEQADANKQNKVTKLSADNNRVVLDIISFNDEYVEKSAISKLNNTRNIRSTNIREMVANSRREVLIDVAKVSRNASALIVIDSYQTSDLHADIYIKVRFLGTSTANYTSGRSLHSLTGQVIYRSGYINWQNTLKVKL,1.0744118217632852,22476.82120000001,low molecular
67,SNDLTSIRDTEQDKYNQQSHQERGALATINDGLAWATLKIGDENESQYGIVDTNDLVDLYTLKAEQADANKQNRVTKKSADNNRIVLDIISFNDEYVEKSDISKLNNTRNITSYNIREMVALSRREVLIDVAKVSRNASALIVIDSYQTGDLHADIYIKVRFLGTSTANYTSGRILHSLTGQTIYRSGYINWQKTLKVKL,1.073896057078276,22608.91930000001,low molecular
68,SNDLTSIRDTEQDDYNDQSTQERGADATINDGLASATLKIGDENESQYGIVDTNALVDLQTLFAEQADANKQLRVTKKSADNNRIVLDMISFNKEYVEKVDSSKLNNTRNITSYNIREMVALSRRETLIDVAKVTRNASALIVIDSYQTGDLLADIYIKVRFLGSSTANYTSGRILHSLTTQTIYRSGYINWQKTLKVKL,1.075013892830942,22427.697900000014,low molecular
69,MNDETSIRNTEQDDYNDQSTQERGADATINDGLASATLKIGDENESQYGIVDTNALKDLNTLFAEQADANKQLRVTEKVKDNNRIVLDMISFNKEYVEKVDSSELNNTRNITSYNIREMVALARRFTKIDVAKVFRNASALGVIYSYQTGDLLADIYIKVRFLGSSTANYTSGKILHHLTTQTEYRSGYINWQKTNKVKI,1.0734214609361847,22666.908900000013,low molecular
70,MNRETSIRNTEGDRYNDSSTQERGADATINDGLASATLKIGDENESQYGIVDVNALKDLNTVFAEQADANKQLRVVEKVKDNNRIVRDMISDNKEYREKVDSSELNNTRNIQSYNIREMVALARRFTKIDVAKVFRNASALDVIYSYQTKDLLANIYIKVRFLGSFTARYTKGKILHHLTTQTEYRSVYINWQKTNKVKI,1.0770899159198797,23027.551600000024,low molecular
71,MNRETSIRNTEGDRYNDSSTQIRGADITKNDALASATLKIGDENESQYGIVKVNALKDLNTNFAEQASANKQLRVVEKVKDNNRIVRDYISDLKIYREKVDSSELNNTRNIQSNNTREQVALARRFTKIDVAKVFRNASALDVIYSYQKKDLLANIYIKVNFSGSFTTRYTKRLIIHHLTTQTEYRSVYINWQKTNKVKI,1.0638716425005854,23106.698000000026,low molecular
72,MNTKTSIRNTEGDRYNDISTQIRGADITKNDALASATLKIGDETESQYGIVKVGALKDLNTIFAEQAKANKQLRVVEKVKDNNRIVRDYISDLKIYRGKVYSEEYNNTTNIQSNNTREQVALARRFTKIDVAKVFRNASALDVIYSYLKKDLLANIYIKVNFSGSFTTRYTKRLIIHHLTTQTNYRSVYDNWQLTNKVKI,1.0721816801021553,23016.780500000026,low molecular
73,MLTKTSIRNTERDRYNDISTQIRGADITKNDALASINLKIGDETESQIGIVKVGALKDLNTIIAEQAKANKQLTVVEKVKDNNIIVRDYISDLKIYRKKVYSEEYNDTTNIQSNITREQVALARRFRKIDVAKVFRNMSALDVIYSYLKKDYLANIYQKVNFSGSFTTRYTKRLIINHLTTQYNYRSVYDNWQLTNKVKI,1.0722026082009755,23278.28710000002,low molecular
74,MLTKTSIRNTERDRYNDISTQRRGADITKYDALASINLKIGDETESQIGIVKVGATKDLNTIIAEQAKANKQLTVVEKVKDNNIIVRDYISDLFIYRKKVYSEEYNDDTNIQSNTTREQVELAYRFDKIDVAKVFRNMSALDVILSYYKKVYLANVYQKVFFVQSFTTRYTKRLIINHLTTQYYVRSNYDNWQLKNKVKI,1.0717774954920805,23516.47690000002,low molecular
75,MLTKTGIRNTTYDRYNKIGTQRRGIDITKYDALASINVKIGDETKSQIGIVSVGATKDLNTIIAEQAKANKQLTVVEKYKDSTIIVRDYISDLFIYRKEVYSEEYNDDTNNQSNTTLEQNELAYRFDKIDVAKVFRNMSALDVILSYYKKVYLANVYQLVFFVQSFTTRYTKRLIINHLTTQYYVRSNKDIWQLKNKVKI,1.07321011363952,23381.391400000022,low molecular
76,MLTKDGIRNTTYDRYIKIGTQRRGIDVTKYDALASINVNRGDETKSQIGIVSVGATKDLNTIIAEQAKANKQLTVVEKYKDKTIIVRDYISDLFIYRKEDYSKEVNDDTINQSNTTNEQNETAYRFDKIDVAKVFRLMSALDVILSYKKKVYLANYYLLVFFVQSFTGSYTKRLIINHLTTQYYVRSNKDIWQLKNKVKI,1.0731919790850952,23289.33920000002,low molecular
77,MLTKDGIRNTTYDRYIKMGAQRAGIDVTKYDAGASINVNRGGEDKSQIGIVSVGATKDLNNIIAEQAKANLQLTVVEKYKDKTIIVRDYISDLFINGKEDYSKVVNDDTINQSNTTNEQNETAYRFAKIDVAKVFRLMSADDVILSYKKKVYLALYYLLVFFVTSLTGSYTKRLNINHTTYQYYVRSNKDIWQLKNKVPI,1.076892270113934,22827.71820000002,low molecular
78,MGTKDGIRNTTYDRYKKMGAQRAGIDVTKYDAGASINGNRGGEDKSQIGIVSVGATKDLKNIIAEQAKANEQLTVVVKYKDKTIIVRVYISDLFINDKEDYSKVVFDDTINQSNTTNEQNETAYRFAKGDAAKVFKLMSADDMILSYKKLVYLALEYLLVFFVASLTGSYLKRLNENHTRYQHYVRSNKDIWQLKNKVPI,1.075932824391533,22717.591200000017,low molecular
79,MITKDGIRNTTYDRYKKNGAQRAGIDVTKYKAGAIINGNRGGEDKSQIGIVSVGATKDLSNIINQQAKANEQLTVVVKYKDKTIIMRVYISDLFINDKEDYSGVVFDDTIGQSNTTNEQNETAYRFAAGDAAKVFKLMSADDMTLSYKALVYLALEYAQVFFVASLTGSYKKRLNENHNRYQEYVRSNKDIWELKNKVPI,1.0763116798427126,22568.22920000001,low molecular
80,MITDTGIRNTTYDRYKKNGAQRAGIDVTKYKAGAIINGNRLNEAKSQIGIVSQGATYDLSNIMNQQAKANEQLTVVVKAKDKTIIMRVYGSDLFINDKEDYSGVVGDYTTGQSNTQNEQNETAYRFAAIDAAKVFKSMSADDMTLSKKALVYLALEYAQVFFVASLTGSYKKRLNENHNRYQEYFRSNNDIWELKNKVPI,1.0758900084501049,22546.077900000015,low molecular
81,MITDTLIDYTTYDRYKKNQAQRAGIDVTIYKAGAIINGNRLNEAKSQIGIVSQGITYDLSTIMNQQAKANEQLTVVVKALDITIIMVVYGSDLFINDKEDYSGVVGDYTTGQSNTQNEQNETAYYFGAIDAAKVFKNMMADDMTLSKKELVYLDLEYYQKFFVASLTGSYKKRLNENDNRYQEYFRSNNDIWEYKNKVPI,1.090916527255269,22923.467400000012,low molecular
82,MDTDGLIRYTTYDRYKKNQAQRAGIDVTIYSAGAIINGNRLNYAKSQIGIGSQGITRDLSTIMNQQAKANEQLTVVVKALDITIIMVVYGGDNFIIDDEANSGVVGDVTTGQSNAQNKQNETAYYFGAIDAAKVFKNMMADDMTLSKKELVYLDLEYYQKFFDYSLTGSYKKRYNENDNRYQEYFRSNNDIIEYKNKVPI,1.0903009637285406,22720.154000000013,low molecular
83,MDTDGDIRYTTVDRYKKNQAYRDGIDVTIYSAGALINGNRNNYAKSQIGITMQGITRDLSTIMNQQAKANEQLTVVVKALDITIIMVVYGGDNFIIDDEANSGVVADVTYGQSNAVNKQNETAYYVGAIDADKVFKNMMEDDMDLSKKELVYLDAEYYQKFFDYSLTGSYKGRDNENDNRYQEVFRSNNDIIEYKNKVPI,1.0976186621278017,22715.966700000008,low molecular
84,MDTDGDIRKTTVDRYKMNQAIRDGIDVTIYSAGALINGNRNNYIKSQIGITMQGITRDLSTIMNQQAKLNEQLTVVDKALDITISMVVYGNDNMIIIDEATSGVVADTTYGQSNAVNKQNETAYYVGAIDADKAFKNMMNDDMDLSKKELVMLDAEYYQKFFKYSLTGSYKGRDNENDDRYQEVFRSNNDTIEYKNKVPV,1.0947103280023756,22649.075000000004,low molecular
85,MDTDGDIRKTTVDRNKMNQEIRDGSDVTIYSDGALDNGNRNDYIKSQIGITMQTITRDLSTIMNQQAKLNEKLTVVDKALDITISMVVYGNMNMIIIDEATSGVVADTTYGQSNLVNKNNELAYYDGAIDADKASKNMMNNDMDLSKKELVMLDAEYGQKVFKYSLTGSYKGRDNENDKRYQEVFRDNNDTIEYKNIVPV,1.0936811141754417,22605.986100000006,low molecular
86,MDTDGDIRKTTVDRNKMVQEIRDGSDVTIYSDGALDNANRNDVDDSQIGETMQTITRDLSTIYTQQAKLNEKLTVVDKALDITISMVVYGNMNMIIIDKATSGVEADTTYGQSNLVNKNNEYAYYDGAIYADKANKNMMNNFMDLSKKNLVMLDAEYGQKVFKYDDTGSIKGRDNENDKRYQKVFRDNNDNIEYKNIVPV,1.0869777943007648,22728.003000000008,low molecular
87,MDTDGDINKTTVDRNKMVQEIRDGSDVTIYSDGAEDNANRNDVDNSQIGENMQTITRDLSTIYTQQAKLNEKLTVVDKALDITISMVVYDNMNMIIIDKATAGVETVTTYGQSNLVNKNNGYAYIKGAIYADNANKNMMNNFMDLSKKNLVMLDATYGQKVFKYFDTGSIKGRDNENDKRYQKVFRVNTDNISYKNSVPV,1.0904973355248908,22553.93760000001,low molecular
88,MDYDFDINKTTVDRNKMVQEIRDGSDPTIYSDGAEDNANRNDVDNSQIGENMQTITRDLSTSYTQNAKLTEKLTVVDKALDITISMVVYDNMVTIIIKKATAGVETKTTKGQSNLVNKNNGYAYIKGAAYIDSAFKNMMNNFMDLSGKLLVMLDATYGQKVQMYFDTGLIKGRDNENDKRYQKVFRVNTDNISYKNSVPV,1.0917763770981268,22557.108899999996,low molecular
89,MDYDFDNNKTTVDRNKMVQEIRDGDDPTIYSDGAEDNANRNDVDGSQIGEDMQTITRDISTSYIQNAKLTEKSTVTSNALDITISMVVNDNMVTIIIKKATAGVETKQTKGQSNLVRKNAGYAYIKGAAYIDSAFKEMMNKFMDESGKLNVMLDATYGQKVQMYFDTGLIKGRDNEEDKRYQKVFRVNTDNISYKNSVPV,1.0799166947412728,22513.870999999996,low molecular
90,MDYLFDNNKTTVDRNKMVQDIRDGDDPTIYLDGAYDIANRNDVDGSQIGEDMQTITRDISTSYIQNAKLTEKSDVTKNALDITISMVVNDNMVVIYIKKATDGVETKQTKGQSNLVRKNAGYAYDKGAAYLDDAFKEMMEAFMDESGKLNVMLDATYGKKVQMYFDTGLIKDRDNEEDKRSQKTFRVNTDVISYKNSVPV,1.0771293379366398,22661.081299999994,low molecular
91,MDYTFDNNKTTVDRNKLVQDITDGDDYTIYDDDAYDIANRNDVDGSGIGEDTQTITRDISTSYIGNAKKTEKSDVTKIVLDITISMVVNDNMVVIVIKKATDGVETKQTKGQSNLVRKNAGYAYYKGAAYLDDHFKEKMEAFMDESGKLNVMLDATYGKKVQMYFDTGLIKDLDNEEYKRSQKTFRVNTSVISYKNSVPV,1.0758978991811587,22595.935100000002,low molecular
92,MDYTFDNNKTGVDRQKLVQDITDGDDYTIYDDDAYDIANRNDVDGSGIYEDTQGITRDISTVYIGNAKKTEKSVVTKIVLDIDISMVVDDNMSVIVIKKATDGVETKQTKGQSNLVRKNAGYAYYKGAALVNDHFKEKMEAFYDESGKLNVMLDATYGKKVEMYFDTGLIKDLDNEEYKRGQKTFRVNTSVISDKYDVPV,1.0644821638707072,22593.894200000006,low molecular
93,MDYTFDNNKTGVDRQKLDQDITDADDYTIYDDDAYDIANRNDVKGIGNYEDTQGITRDISTVYIGMAKKTEKSVVVKIVLDIDISMVVDDNMSVIVDKKNTDGVETKQTKGQSNLVRKLAGYANYKGAALVNDHNKEKMEAFYDESGKLNVVLNATYGKKVEMYFETGLIKDLDNEEYKRIQKTFRVNTSKISAKYDVPV,1.0591104809983252,22663.090500000017,low molecular
94,MDYTGDNNKIGVDRQKLDQDITDADDYTIYDDDAYDMANRKDVKGIGNYEDTQGITRDISTVYIGMAKKGEKSVEVKIVLDIDASMVVDLNTSVIVDKKNTDGVETKQTKGQSNLVRKSAGYAEYKGAALVNDHNKEKMEAFYDETGKLNAVLNATTGKKVEMYFETDLIKDLDNEEYYRIQKTFRVNISKISAKYDNPV,1.056987753905229,22561.85620000002,low molecular
95,MDYKGDNNKIGVDRQKLDYDITDADDEKIDDDDAYDMANRKDVKGIKNYEDEYGITRDISTVYIGMAKKGEKSVEVKIVLDIDASMVVDNNTSVIVDKGNTDGVETKQTGGQSELVRKSAGYVEYKGAALDNDHNKEKMQAFYDETGKLNAVLNATTGKKVEMYFETDLVKDLDNEEYYRIRKTFRVNIYKISAKYDNPL,1.0586057517529381,22723.958600000024,low molecular
96,MDYKGDNNKIGVIRQKLDYDITDADDEKIDDDDAYDMANRKDVKGIKNYETEYGITRDDSTVGIGMAKKGERSVEVKIVLDSDQSMPVDNNTSVIVDKGNTDGGETKQTGGQSELVRKSGGYDEGKGAALDNDHNKEKMQAFYDETGKLNAKYNATTGKKVEMYFETDLVKDLYNWEYYRIRKTFRVNIYKISAEYINPL,1.0538466800935566,22697.800500000023,low molecular
97,MDYKGDNNKIGVIRQKLDYDITDAELEKIDDDDAYDMAYVKDVKGIKNYVTEYGITRDDSTVGIGMARKGEVSVEVKIVLDSDQSMPVDEKDSVIVDKGNTDGGETKQTGGQIELVRKSGGYDEGKDAALDNDHNKEKMQAFSDETGKLNAVYNDTDGKKVEMYFETDLNKDLYNWYYYRIRKTDRVNIYKISAEYINPL,1.0595798576515252,22739.870100000026,low molecular
98,MDYKGDNIKIGVIRQKLDYDITDAELEKIDDDDAYDNAYVKRVKGIKNYVTETGVTRDDSTVGIGMARKGEVSVEVKNVLDLDQSMPVDEKDSVGSDKGNVDGGETKQTGGQIELSRKSGGYDEGKDTALDNDHARLKMQAFSDLTIKLNAVYNDTDGEKVEMYFETDLNKGLYNWYYYRIRKTDRVNIYKISAEYINPL,1.0512202988055916,22613.78660000003,low molecular
99,MDYKGDNIKIGVIRQKLDNDITDAELEKIVDDVAYGNAYVKRVKGIKNYVTETGRTRDDSTVGIGGAAKGEVSDELKNVLDLDQSMPVNEKDLVGSDKGNNDGGETKQTGGQIELSRKSGIYDEGKDTALTNDHARLKMQMFSDLTIKLNAVYNDTDGVKVEMYFETDLNKVLYNWYYYRIPKTDRVNIYKISAEYIDPL,1.0621900563465632,22498.87130000002,low molecular
100,MDNKGDNINIGVIRQKLDNDITDAELEKIVDDVAYGNAYVKRVKGIKNYVTETGRTGDRSTVGYGGAAKGEVRDELKWVLDLDQSMPLNEKDLVGKDKGNNDGAETKQTGGQLELSRKSGIYDEGKDTALTNKHRRLKMQMFSDLTIKLNDDYNDTDAVKVEMNFEADLNKVLYNWYYYRIPKTDRVNIYKISAEYIDPL,1.0844037280661392,22731.163000000026,low molecular
